ticks,x,y,a,vx,vy,va,tx,ty,ta,updates,thrusters
1,0.000,0.000,0.000,0.000,0.000,0.000,300.000,100.000,0.000,0,0
2,0.000,0.000,0.000,0.000,0.000,0.000,300.000,100.000,0.000,0,0
3,0.000,0.000,0.000,0.000,0.000,0.000,300.000,100.000,0.000,0,0
4,0.000,0.000,0.000,0.000,0.000,0.000,300.000,100.000,0.000,0,0
5,0.000,0.000,0.000,0.000,0.000,0.000,300.000,100.000,0.000,0,0
6,0.000,0.000,0.000,0.002,0.011,-0.000,300.000,100.000,0.000,1,29
7,0.000,0.000,-0.000,0.004,0.022,-0.000,300.000,100.000,0.000,1,29
8,0.000,0.001,-0.000,0.005,0.034,-0.000,300.000,100.000,0.000,1,29
9,0.000,0.001,-0.000,0.007,0.045,-0.001,300.000,100.000,0.000,1,29
10,0.000,0.002,-0.000,0.009,0.056,-0.001,300.000,100.000,0.000,1,29
11,0.001,0.003,-0.000,0.011,0.067,-0.001,300.000,100.000,0.000,1,29
12,0.001,0.005,-0.000,0.013,0.079,-0.001,300.000,100.000,0.000,1,29
13,0.001,0.006,-0.000,0.014,0.090,-0.001,300.000,100.000,0.000,1,29
14,0.001,0.008,-0.000,0.016,0.101,-0.001,300.000,100.000,0.000,1,29
15,0.002,0.010,-0.000,0.018,0.112,-0.002,300.000,100.000,0.000,1,29
16,0.002,0.012,-0.000,0.020,0.124,-0.002,300.000,100.000,0.000,1,29
17,0.002,0.015,-0.000,0.022,0.135,-0.002,300.000,100.000,0.000,1,29
18,0.003,0.018,-0.000,0.023,0.146,-0.002,300.000,100.000,0.000,1,29
19,0.003,0.020,-0.000,0.025,0.157,-0.002,300.000,100.000,0.000,1,29
20,0.004,0.024,-0.000,0.027,0.168,-0.002,300.000,100.000,0.000,1,29
21,0.004,0.027,-0.000,0.029,0.180,-0.003,300.000,100.000,0.000,1,29
22,0.005,0.031,-0.000,0.031,0.191,-0.003,300.000,100.000,0.000,1,29
23,0.006,0.034,-0.000,0.032,0.202,-0.003,300.000,100.000,0.000,1,29
24,0.006,0.038,-0.001,0.034,0.213,-0.003,300.000,100.000,0.000,1,29
25,0.007,0.043,-0.001,0.036,0.225,-0.003,300.000,100.000,0.000,1,29
26,0.008,0.047,-0.001,0.038,0.236,-0.003,300.000,100.000,0.000,1,29
27,0.008,0.052,-0.001,0.040,0.247,-0.003,300.000,100.000,0.000,1,29
28,0.009,0.057,-0.001,0.041,0.258,-0.004,300.000,100.000,0.000,1,29
29,0.010,0.062,-0.001,0.043,0.270,-0.004,300.000,100.000,0.000,1,29
30,0.011,0.067,-0.001,0.045,0.281,-0.004,300.000,100.000,0.000,1,29
31,0.012,0.073,-0.001,0.047,0.292,-0.004,300.000,100.000,0.000,1,29
32,0.013,0.079,-0.001,0.049,0.303,-0.004,300.000,100.000,0.000,1,29
33,0.014,0.085,-0.001,0.050,0.314,-0.004,300.000,100.000,0.000,1,29
34,0.015,0.091,-0.001,0.052,0.326,-0.005,300.000,100.000,0.000,1,29
35,0.016,0.098,-0.001,0.054,0.337,-0.005,300.000,100.000,0.000,1,29
36,0.017,0.104,-0.001,0.056,0.348,-0.005,300.000,100.000,0.000,1,29
37,0.018,0.111,-0.002,0.058,0.359,-0.005,300.000,100.000,0.000,1,29
38,0.019,0.119,-0.002,0.060,0.371,-0.005,300.000,100.000,0.000,1,29
39,0.020,0.126,-0.002,0.061,0.382,-0.005,300.000,100.000,0.000,1,29
40,0.021,0.134,-0.002,0.063,0.393,-0.006,300.000,100.000,0.000,1,29
41,0.023,0.142,-0.002,0.065,0.404,-0.006,300.000,100.000,0.000,1,29
42,0.024,0.150,-0.002,0.067,0.416,-0.006,300.000,100.000,0.000,1,29
43,0.025,0.158,-0.002,0.069,0.427,-0.006,300.000,100.000,0.000,1,29
44,0.027,0.166,-0.002,0.070,0.438,-0.006,300.000,100.000,0.000,1,29
45,0.028,0.175,-0.002,0.072,0.449,-0.006,300.000,100.000,0.000,1,29
46,0.030,0.184,-0.003,0.074,0.460,-0.007,300.000,100.000,0.000,1,29
47,0.031,0.193,-0.003,0.076,0.472,-0.007,300.000,100.000,0.000,1,29
48,0.033,0.203,-0.003,0.078,0.483,-0.007,300.000,100.000,0.000,1,29
49,0.034,0.213,-0.003,0.080,0.494,-0.007,300.000,100.000,0.000,1,29
50,0.036,0.222,-0.003,0.081,0.505,-0.007,300.000,100.000,0.000,1,29
51,0.037,0.232,-0.003,0.083,0.517,-0.007,300.000,100.000,0.000,1,29
52,0.039,0.243,-0.003,0.085,0.528,-0.007,300.000,100.000,0.000,1,29
53,0.041,0.253,-0.004,0.087,0.539,-0.008,300.000,100.000,0.000,1,29
54,0.042,0.264,-0.004,0.089,0.550,-0.008,300.000,100.000,0.000,1,29
55,0.044,0.275,-0.004,0.091,0.562,-0.008,300.000,100.000,0.000,1,29
56,0.046,0.286,-0.004,0.092,0.573,-0.008,300.000,100.000,0.000,1,29
57,0.048,0.298,-0.004,0.094,0.584,-0.008,300.000,100.000,0.000,1,29
58,0.050,0.310,-0.004,0.096,0.595,-0.008,300.000,100.000,0.000,1,29
59,0.052,0.321,-0.005,0.098,0.606,-0.009,300.000,100.000,0.000,1,29
60,0.054,0.334,-0.005,0.100,0.618,-0.009,300.000,100.000,0.000,1,29
61,0.056,0.346,-0.005,0.102,0.629,-0.009,300.000,100.000,0.000,1,29
62,0.058,0.359,-0.005,0.103,0.640,-0.009,300.000,100.000,0.000,1,29
63,0.060,0.371,-0.005,0.105,0.651,-0.009,300.000,100.000,0.000,1,29
64,0.062,0.384,-0.005,0.107,0.663,-0.009,300.000,100.000,0.000,1,29
65,0.064,0.398,-0.006,0.109,0.674,-0.010,300.000,100.000,0.000,1,29
66,0.066,0.411,-0.006,0.111,0.685,-0.010,300.000,100.000,0.000,1,29
67,0.068,0.425,-0.006,0.113,0.696,-0.010,300.000,100.000,0.000,1,29
68,0.071,0.439,-0.006,0.115,0.707,-0.010,300.000,100.000,0.000,1,29
69,0.073,0.453,-0.006,0.117,0.719,-0.010,300.000,100.000,0.000,1,29
70,0.075,0.467,-0.007,0.118,0.730,-0.010,300.000,100.000,0.000,1,29
71,0.078,0.482,-0.007,0.120,0.741,-0.010,300.000,100.000,0.000,1,29
72,0.080,0.497,-0.007,0.122,0.752,-0.011,300.000,100.000,0.000,1,29
73,0.082,0.512,-0.007,0.124,0.764,-0.011,300.000,100.000,0.000,1,29
74,0.085,0.527,-0.007,0.126,0.775,-0.011,300.000,100.000,0.000,1,29
75,0.087,0.542,-0.008,0.128,0.786,-0.011,300.000,100.000,0.000,1,29
76,0.090,0.558,-0.008,0.130,0.797,-0.011,300.000,100.000,0.000,1,29
77,0.093,0.574,-0.008,0.132,0.808,-0.011,300.000,100.000,0.000,1,29
78,0.095,0.590,-0.008,0.133,0.820,-0.012,300.000,100.000,0.000,1,29
79,0.098,0.607,-0.009,0.135,0.831,-0.012,300.000,100.000,0.000,1,29
80,0.101,0.623,-0.009,0.137,0.842,-0.012,300.000,100.000,0.000,1,29
81,0.103,0.640,-0.009,0.139,0.853,-0.012,300.000,100.000,0.000,1,29
82,0.106,0.657,-0.009,0.141,0.864,-0.012,300.000,100.000,0.000,1,29
83,0.109,0.674,-0.010,0.143,0.876,-0.012,300.000,100.000,0.000,1,29
84,0.112,0.692,-0.010,0.145,0.887,-0.013,300.000,100.000,0.000,1,29
85,0.115,0.710,-0.010,0.147,0.898,-0.013,300.000,100.000,0.000,1,29
86,0.118,0.728,-0.010,0.149,0.909,-0.013,300.000,100.000,0.000,1,29
87,0.121,0.746,-0.011,0.151,0.921,-0.013,300.000,100.000,0.000,1,29
88,0.124,0.764,-0.011,0.152,0.932,-0.013,300.000,100.000,0.000,1,29
89,0.127,0.783,-0.011,0.154,0.943,-0.013,300.000,100.000,0.000,1,29
90,0.130,0.802,-0.011,0.156,0.954,-0.013,300.000,100.000,0.000,1,29
91,0.133,0.821,-0.012,0.158,0.965,-0.014,300.000,100.000,0.000,1,29
92,0.136,0.840,-0.012,0.160,0.977,-0.014,300.000,100.000,0.000,1,29
93,0.139,0.860,-0.012,0.162,0.988,-0.014,300.000,100.000,0.000,1,29
94,0.143,0.879,-0.012,0.164,0.999,-0.014,300.000,100.000,0.000,1,29
95,0.146,0.899,-0.013,0.166,1.010,-0.014,300.000,100.000,0.000,1,29
96,0.149,0.920,-0.013,0.168,1.021,-0.014,300.000,100.000,0.000,1,29
97,0.152,0.940,-0.013,0.170,1.033,-0.015,300.000,100.000,0.000,1,29
98,0.156,0.961,-0.014,0.172,1.044,-0.015,300.000,100.000,0.000,1,29
99,0.159,0.982,-0.014,0.174,1.055,-0.015,300.000,100.000,0.000,1,29
100,0.163,1.003,-0.014,0.176,1.066,-0.015,300.000,100.000,0.000,1,29
101,0.166,1.024,-0.014,0.178,1.078,-0.015,300.000,100.000,0.000,1,29
102,0.170,1.046,-0.015,0.180,1.089,-0.015,300.000,100.000,0.000,1,29
103,0.173,1.067,-0.015,0.182,1.100,-0.016,300.000,100.000,0.000,1,29
104,0.177,1.089,-0.015,0.184,1.111,-0.016,300.000,100.000,0.000,1,29
105,0.181,1.112,-0.016,0.185,1.122,-0.016,300.000,100.000,0.000,1,29
106,0.184,1.134,-0.016,0.187,1.134,-0.016,300.000,100.000,0.000,1,29
107,0.188,1.157,-0.016,0.189,1.145,-0.016,300.000,100.000,0.000,1,29
108,0.192,1.180,-0.017,0.191,1.156,-0.016,300.000,100.000,0.000,1,29
109,0.196,1.203,-0.017,0.193,1.167,-0.017,300.000,100.000,0.000,1,29
110,0.200,1.226,-0.017,0.195,1.178,-0.017,300.000,100.000,0.000,1,29
111,0.204,1.250,-0.018,0.197,1.190,-0.017,300.000,100.000,0.000,1,29
112,0.208,1.273,-0.018,0.199,1.201,-0.017,300.000,100.000,0.000,1,29
113,0.212,1.297,-0.018,0.201,1.212,-0.017,300.000,100.000,0.000,1,29
114,0.216,1.322,-0.019,0.203,1.223,-0.017,300.000,100.000,0.000,1,29
115,0.220,1.346,-0.019,0.205,1.234,-0.017,300.000,100.000,0.000,1,29
116,0.224,1.371,-0.019,0.207,1.246,-0.018,300.000,100.000,0.000,1,29
117,0.228,1.396,-0.020,0.209,1.257,-0.018,300.000,100.000,0.000,1,29
118,0.232,1.421,-0.020,0.211,1.268,-0.018,300.000,100.000,0.000,1,29
119,0.236,1.446,-0.020,0.213,1.279,-0.018,300.000,100.000,0.000,1,29
120,0.241,1.472,-0.021,0.215,1.290,-0.018,300.000,100.000,0.000,1,29
121,0.245,1.498,-0.021,0.218,1.301,-0.018,300.000,100.000,0.000,1,29
122,0.249,1.524,-0.022,0.220,1.313,-0.019,300.000,100.000,0.000,1,29
123,0.254,1.550,-0.022,0.222,1.324,-0.019,300.000,100.000,0.000,1,29
124,0.258,1.576,-0.022,0.224,1.335,-0.019,300.000,100.000,0.000,1,29
125,0.262,1.603,-0.023,0.226,1.346,-0.019,300.000,100.000,0.000,1,29
126,0.267,1.630,-0.023,0.228,1.357,-0.019,300.000,100.000,0.000,1,29
127,0.272,1.657,-0.023,0.230,1.369,-0.019,300.000,100.000,0.000,1,29
128,0.276,1.685,-0.024,0.232,1.380,-0.020,300.000,100.000,0.000,1,29
129,0.281,1.712,-0.024,0.234,1.391,-0.020,300.000,100.000,0.000,1,29
130,0.285,1.740,-0.025,0.236,1.402,-0.020,300.000,100.000,0.000,1,29
131,0.290,1.768,-0.025,0.238,1.413,-0.020,300.000,100.000,0.000,1,29
132,0.295,1.796,-0.025,0.240,1.425,-0.020,300.000,100.000,0.000,1,29
133,0.300,1.825,-0.026,0.242,1.436,-0.020,300.000,100.000,0.000,1,29
134,0.305,1.853,-0.026,0.244,1.447,-0.020,300.000,100.000,0.000,1,29
135,0.309,1.882,-0.027,0.246,1.458,-0.021,300.000,100.000,0.000,1,29
136,0.314,1.912,-0.027,0.248,1.469,-0.021,300.000,100.000,0.000,1,29
137,0.319,1.941,-0.027,0.251,1.480,-0.021,300.000,100.000,0.000,1,29
138,0.324,1.971,-0.028,0.253,1.492,-0.021,300.000,100.000,0.000,1,29
139,0.329,2.000,-0.028,0.255,1.503,-0.021,300.000,100.000,0.000,1,29
140,0.335,2.030,-0.029,0.257,1.514,-0.021,300.000,100.000,0.000,1,29
141,0.340,2.061,-0.029,0.259,1.525,-0.022,300.000,100.000,0.000,1,29
142,0.345,2.091,-0.030,0.261,1.536,-0.022,300.000,100.000,0.000,1,29
143,0.350,2.122,-0.030,0.263,1.548,-0.022,300.000,100.000,0.000,1,29
144,0.355,2.153,-0.030,0.265,1.559,-0.022,300.000,100.000,0.000,1,29
145,0.361,2.184,-0.031,0.268,1.570,-0.022,300.000,100.000,0.000,1,29
146,0.366,2.215,-0.031,0.270,1.581,-0.022,300.000,100.000,0.000,1,29
147,0.371,2.247,-0.032,0.272,1.592,-0.023,300.000,100.000,0.000,1,29
148,0.377,2.279,-0.032,0.274,1.603,-0.023,300.000,100.000,0.000,1,29
149,0.382,2.311,-0.033,0.276,1.615,-0.023,300.000,100.000,0.000,1,29
150,0.388,2.343,-0.033,0.278,1.626,-0.023,300.000,100.000,0.000,1,29
151,0.393,2.376,-0.034,0.280,1.637,-0.023,300.000,100.000,0.000,1,29
152,0.399,2.409,-0.034,0.283,1.648,-0.023,300.000,100.000,0.000,1,29
153,0.405,2.442,-0.035,0.285,1.659,-0.023,300.000,100.000,0.000,1,29
154,0.410,2.475,-0.035,0.287,1.670,-0.024,300.000,100.000,0.000,1,29
155,0.416,2.508,-0.035,0.289,1.682,-0.024,300.000,100.000,0.000,1,29
156,0.422,2.542,-0.036,0.291,1.693,-0.024,300.000,100.000,0.000,1,29
157,0.428,2.576,-0.036,0.294,1.704,-0.024,300.000,100.000,0.000,1,29
158,0.434,2.610,-0.037,0.296,1.715,-0.024,300.000,100.000,0.000,1,29
159,0.440,2.644,-0.037,0.298,1.726,-0.024,300.000,100.000,0.000,1,29
160,0.445,2.678,-0.038,0.300,1.737,-0.025,300.000,100.000,0.000,1,29
161,0.451,2.713,-0.038,0.302,1.737,-0.025,300.000,100.000,0.000,2,4
162,0.458,2.748,-0.039,0.304,1.737,-0.025,300.000,100.000,0.000,2,4
163,0.464,2.783,-0.039,0.306,1.737,-0.025,300.000,100.000,0.000,2,4
164,0.470,2.817,-0.040,0.307,1.737,-0.025,300.000,100.000,0.000,2,4
165,0.476,2.852,-0.040,0.309,1.737,-0.025,300.000,100.000,0.000,2,4
166,0.482,2.887,-0.041,0.311,1.737,-0.025,300.000,100.000,0.000,2,4
167,0.488,2.922,-0.041,0.313,1.737,-0.025,300.000,100.000,0.000,2,4
168,0.495,2.956,-0.042,0.315,1.737,-0.025,300.000,100.000,0.000,2,4
169,0.501,2.991,-0.042,0.316,1.737,-0.025,300.000,100.000,0.000,2,4
170,0.507,3.026,-0.043,0.318,1.737,-0.025,300.000,100.000,0.000,2,4
171,0.514,3.061,-0.043,0.320,1.737,-0.025,300.000,100.000,0.000,2,4
172,0.520,3.095,-0.044,0.322,1.736,-0.025,300.000,100.000,0.000,2,4
173,0.526,3.130,-0.044,0.324,1.736,-0.025,300.000,100.000,0.000,2,4
174,0.533,3.165,-0.045,0.325,1.736,-0.025,300.000,100.000,0.000,2,4
175,0.539,3.200,-0.045,0.327,1.736,-0.025,300.000,100.000,0.000,2,4
176,0.546,3.234,-0.046,0.329,1.736,-0.025,300.000,100.000,0.000,2,4
177,0.552,3.269,-0.046,0.331,1.736,-0.025,300.000,100.000,0.000,2,4
178,0.559,3.304,-0.047,0.333,1.736,-0.025,300.000,100.000,0.000,2,4
179,0.566,3.338,-0.047,0.334,1.736,-0.025,300.000,100.000,0.000,2,4
180,0.572,3.373,-0.048,0.336,1.736,-0.025,300.000,100.000,0.000,2,4
181,0.579,3.408,-0.048,0.338,1.736,-0.025,300.000,100.000,0.000,2,4
182,0.586,3.443,-0.049,0.340,1.736,-0.025,300.000,100.000,0.000,2,4
183,0.593,3.477,-0.049,0.342,1.736,-0.025,300.000,100.000,0.000,2,4
184,0.599,3.512,-0.050,0.343,1.735,-0.025,300.000,100.000,0.000,2,4
185,0.606,3.547,-0.050,0.345,1.735,-0.025,300.000,100.000,0.000,2,4
186,0.613,3.581,-0.051,0.347,1.735,-0.025,300.000,100.000,0.000,2,4
187,0.620,3.616,-0.051,0.349,1.735,-0.025,300.000,100.000,0.000,2,4
188,0.627,3.651,-0.052,0.351,1.735,-0.025,300.000,100.000,0.000,2,4
189,0.634,3.686,-0.052,0.352,1.735,-0.025,300.000,100.000,0.000,2,4
190,0.641,3.720,-0.053,0.354,1.735,-0.025,300.000,100.000,0.000,2,4
191,0.648,3.755,-0.053,0.356,1.746,-0.025,300.000,100.000,0.000,3,29
192,0.655,3.790,-0.054,0.359,1.757,-0.025,300.000,100.000,0.000,3,29
193,0.663,3.825,-0.054,0.361,1.768,-0.025,300.000,100.000,0.000,3,29
194,0.670,3.860,-0.055,0.364,1.779,-0.025,300.000,100.000,0.000,3,29
195,0.677,3.896,-0.055,0.366,1.791,-0.025,300.000,100.000,0.000,3,29
196,0.684,3.932,-0.056,0.368,1.790,-0.025,300.000,100.000,0.000,4,4
197,0.692,3.968,-0.056,0.370,1.790,-0.025,300.000,100.000,0.000,4,4
198,0.699,4.003,-0.057,0.371,1.790,-0.025,300.000,100.000,0.000,4,4
199,0.707,4.039,-0.057,0.373,1.790,-0.025,300.000,100.000,0.000,4,4
200,0.714,4.075,-0.058,0.375,1.790,-0.025,300.000,100.000,0.000,4,4
201,0.722,4.111,-0.058,0.377,1.790,-0.025,300.000,100.000,0.000,4,4
202,0.729,4.147,-0.059,0.379,1.790,-0.025,300.000,100.000,0.000,4,4
203,0.737,4.182,-0.059,0.380,1.790,-0.025,300.000,100.000,0.000,4,4
204,0.744,4.218,-0.060,0.382,1.790,-0.025,300.000,100.000,0.000,4,4
205,0.752,4.254,-0.060,0.384,1.790,-0.025,300.000,100.000,0.000,4,4
206,0.760,4.290,-0.061,0.386,1.789,-0.025,300.000,100.000,0.000,4,4
207,0.767,4.326,-0.061,0.388,1.789,-0.025,300.000,100.000,0.000,4,4
208,0.775,4.361,-0.062,0.389,1.789,-0.025,300.000,100.000,0.000,4,4
209,0.783,4.397,-0.062,0.391,1.789,-0.025,300.000,100.000,0.000,4,4
210,0.791,4.433,-0.063,0.393,1.789,-0.025,300.000,100.000,0.000,4,4
211,0.799,4.469,-0.063,0.395,1.789,-0.025,300.000,100.000,0.000,4,4
212,0.806,4.504,-0.064,0.397,1.789,-0.025,300.000,100.000,0.000,4,4
213,0.814,4.540,-0.064,0.398,1.789,-0.025,300.000,100.000,0.000,4,4
214,0.822,4.576,-0.065,0.400,1.788,-0.025,300.000,100.000,0.000,4,4
215,0.830,4.612,-0.065,0.402,1.788,-0.025,300.000,100.000,0.000,4,4
216,0.838,4.648,-0.066,0.404,1.788,-0.025,300.000,100.000,0.000,4,4
217,0.846,4.683,-0.066,0.406,1.788,-0.025,300.000,100.000,0.000,4,4
218,0.855,4.719,-0.067,0.407,1.788,-0.025,300.000,100.000,0.000,4,4
219,0.863,4.755,-0.067,0.409,1.788,-0.025,300.000,100.000,0.000,4,4
220,0.871,4.791,-0.068,0.411,1.788,-0.025,300.000,100.000,0.000,4,4
221,0.879,4.826,-0.068,0.413,1.799,-0.026,300.000,100.000,0.000,5,29
222,0.887,4.862,-0.069,0.416,1.810,-0.026,300.000,100.000,0.000,5,29
223,0.896,4.899,-0.069,0.419,1.821,-0.026,300.000,100.000,0.000,5,29
224,0.904,4.935,-0.070,0.421,1.832,-0.026,300.000,100.000,0.000,5,29
225,0.913,4.972,-0.070,0.424,1.843,-0.026,300.000,100.000,0.000,5,29
226,0.921,5.008,-0.071,0.426,1.843,-0.026,300.000,100.000,0.000,6,4
227,0.930,5.045,-0.071,0.427,1.843,-0.026,300.000,100.000,0.000,6,4
228,0.938,5.082,-0.072,0.429,1.843,-0.026,300.000,100.000,0.000,6,4
229,0.947,5.119,-0.072,0.431,1.843,-0.026,300.000,100.000,0.000,6,4
230,0.955,5.156,-0.073,0.433,1.843,-0.026,300.000,100.000,0.000,6,4
231,0.964,5.193,-0.074,0.435,1.842,-0.026,300.000,100.000,0.000,6,4
232,0.973,5.230,-0.074,0.436,1.842,-0.026,300.000,100.000,0.000,6,4
233,0.981,5.266,-0.075,0.438,1.842,-0.026,300.000,100.000,0.000,6,4
234,0.990,5.303,-0.075,0.440,1.842,-0.026,300.000,100.000,0.000,6,4
235,0.999,5.340,-0.076,0.442,1.842,-0.026,300.000,100.000,0.000,6,4
236,1.008,5.377,-0.076,0.443,1.842,-0.026,300.000,100.000,0.000,6,4
237,1.017,5.414,-0.077,0.445,1.842,-0.026,300.000,100.000,0.000,6,4
238,1.026,5.451,-0.077,0.447,1.841,-0.026,300.000,100.000,0.000,6,4
239,1.034,5.487,-0.078,0.449,1.841,-0.026,300.000,100.000,0.000,6,4
240,1.043,5.524,-0.078,0.451,1.841,-0.026,300.000,100.000,0.000,6,4
241,1.052,5.561,-0.079,0.452,1.841,-0.026,300.000,100.000,0.000,6,4
242,1.061,5.598,-0.079,0.454,1.841,-0.026,300.000,100.000,0.000,6,4
243,1.071,5.635,-0.080,0.456,1.841,-0.026,300.000,100.000,0.000,6,4
244,1.080,5.672,-0.080,0.458,1.841,-0.026,300.000,100.000,0.000,6,4
245,1.089,5.708,-0.081,0.460,1.840,-0.026,300.000,100.000,0.000,6,4
246,1.098,5.745,-0.081,0.461,1.840,-0.026,300.000,100.000,0.000,6,4
247,1.107,5.782,-0.082,0.463,1.840,-0.026,300.000,100.000,0.000,6,4
248,1.117,5.819,-0.082,0.465,1.840,-0.026,300.000,100.000,0.000,6,4
249,1.126,5.856,-0.083,0.467,1.840,-0.026,300.000,100.000,0.000,6,4
250,1.135,5.892,-0.083,0.469,1.840,-0.026,300.000,100.000,0.000,6,4
251,1.145,5.929,-0.084,0.471,1.851,-0.026,300.000,100.000,0.000,7,29
252,1.154,5.966,-0.085,0.474,1.862,-0.026,300.000,100.000,0.000,7,29
253,1.163,6.003,-0.085,0.477,1.873,-0.027,300.000,100.000,0.000,7,29
254,1.173,6.041,-0.086,0.479,1.884,-0.027,300.000,100.000,0.000,7,29
255,1.183,6.079,-0.086,0.482,1.895,-0.027,300.000,100.000,0.000,7,29
256,1.192,6.116,-0.087,0.484,1.895,-0.027,300.000,100.000,0.000,8,4
257,1.202,6.154,-0.087,0.486,1.895,-0.027,300.000,100.000,0.000,8,4
258,1.212,6.192,-0.088,0.488,1.894,-0.027,300.000,100.000,0.000,8,4
259,1.221,6.230,-0.088,0.489,1.894,-0.027,300.000,100.000,0.000,8,4
260,1.231,6.268,-0.089,0.491,1.894,-0.027,300.000,100.000,0.000,8,4
261,1.241,6.306,-0.089,0.493,1.894,-0.027,300.000,100.000,0.000,8,4
262,1.251,6.344,-0.090,0.495,1.894,-0.027,300.000,100.000,0.000,8,4
263,1.261,6.382,-0.090,0.497,1.894,-0.027,300.000,100.000,0.000,8,4
264,1.271,6.420,-0.091,0.498,1.894,-0.027,300.000,100.000,0.000,8,4
265,1.281,6.457,-0.092,0.500,1.893,-0.027,300.000,100.000,0.000,8,4
266,1.291,6.495,-0.092,0.502,1.893,-0.027,300.000,100.000,0.000,8,4
267,1.301,6.533,-0.093,0.504,1.893,-0.027,300.000,100.000,0.000,8,4
268,1.311,6.571,-0.093,0.506,1.893,-0.027,300.000,100.000,0.000,8,4
269,1.321,6.609,-0.094,0.507,1.893,-0.027,300.000,100.000,0.000,8,4
270,1.331,6.647,-0.094,0.509,1.893,-0.027,300.000,100.000,0.000,8,4
271,1.341,6.685,-0.095,0.511,1.892,-0.027,300.000,100.000,0.000,8,4
272,1.351,6.722,-0.095,0.513,1.892,-0.027,300.000,100.000,0.000,8,4
273,1.362,6.760,-0.096,0.514,1.892,-0.027,300.000,100.000,0.000,8,4
274,1.372,6.798,-0.096,0.516,1.892,-0.027,300.000,100.000,0.000,8,4
275,1.382,6.836,-0.097,0.518,1.892,-0.027,300.000,100.000,0.000,8,4
276,1.393,6.874,-0.097,0.520,1.892,-0.027,300.000,100.000,0.000,8,4
277,1.403,6.912,-0.098,0.522,1.891,-0.027,300.000,100.000,0.000,8,4
278,1.413,6.949,-0.099,0.523,1.891,-0.027,300.000,100.000,0.000,8,4
279,1.424,6.987,-0.099,0.525,1.891,-0.027,300.000,100.000,0.000,8,4
280,1.434,7.025,-0.100,0.527,1.891,-0.027,300.000,100.000,0.000,8,4
281,1.445,7.063,-0.100,0.529,1.891,-0.027,300.000,100.000,0.000,8,4
282,1.456,7.101,-0.101,0.531,1.890,-0.027,300.000,100.000,0.000,8,4
283,1.466,7.139,-0.101,0.532,1.890,-0.027,300.000,100.000,0.000,8,4
284,1.477,7.176,-0.102,0.534,1.890,-0.027,300.000,100.000,0.000,8,4
285,1.487,7.214,-0.102,0.536,1.890,-0.027,300.000,100.000,0.000,8,4
286,1.498,7.252,-0.103,0.539,1.901,-0.027,300.000,100.000,0.000,9,29
287,1.509,7.290,-0.103,0.542,1.912,-0.027,300.000,100.000,0.000,9,29
288,1.520,7.328,-0.104,0.545,1.923,-0.027,300.000,100.000,0.000,9,29
289,1.531,7.367,-0.105,0.548,1.934,-0.028,300.000,100.000,0.000,9,29
290,1.542,7.405,-0.105,0.551,1.945,-0.028,300.000,100.000,0.000,9,29
291,1.553,7.444,-0.106,0.552,1.945,-0.028,300.000,100.000,0.000,10,4
292,1.564,7.483,-0.106,0.554,1.944,-0.028,300.000,100.000,0.000,10,4
293,1.575,7.522,-0.107,0.556,1.944,-0.028,300.000,100.000,0.000,10,4
294,1.586,7.561,-0.107,0.558,1.944,-0.028,300.000,100.000,0.000,10,4
295,1.597,7.600,-0.108,0.560,1.944,-0.028,300.000,100.000,0.000,10,4
296,1.608,7.639,-0.108,0.561,1.944,-0.028,300.000,100.000,0.000,10,4
297,1.620,7.677,-0.109,0.563,1.943,-0.028,300.000,100.000,0.000,10,4
298,1.631,7.716,-0.109,0.565,1.943,-0.028,300.000,100.000,0.000,10,4
299,1.642,7.755,-0.110,0.567,1.943,-0.028,300.000,100.000,0.000,10,4
300,1.653,7.794,-0.111,0.569,1.943,-0.028,300.000,100.000,0.000,10,4
301,1.665,7.833,-0.111,0.570,1.943,-0.028,300.000,100.000,0.000,10,4
302,1.676,7.872,-0.112,0.572,1.943,-0.028,300.000,100.000,0.000,10,4
303,1.688,7.911,-0.112,0.574,1.942,-0.028,300.000,100.000,0.000,10,4
304,1.699,7.950,-0.113,0.576,1.942,-0.028,300.000,100.000,0.000,10,4
305,1.711,7.988,-0.113,0.577,1.942,-0.028,300.000,100.000,0.000,10,4
306,1.722,8.027,-0.114,0.579,1.942,-0.028,300.000,100.000,0.000,10,4
307,1.734,8.066,-0.114,0.581,1.941,-0.028,300.000,100.000,0.000,10,4
308,1.745,8.105,-0.115,0.583,1.941,-0.028,300.000,100.000,0.000,10,4
309,1.757,8.144,-0.116,0.585,1.941,-0.028,300.000,100.000,0.000,10,4
310,1.769,8.182,-0.116,0.586,1.941,-0.028,300.000,100.000,0.000,10,4
311,1.780,8.221,-0.117,0.588,1.941,-0.028,300.000,100.000,0.000,10,4
312,1.792,8.260,-0.117,0.590,1.940,-0.028,300.000,100.000,0.000,10,4
313,1.804,8.299,-0.118,0.592,1.940,-0.028,300.000,100.000,0.000,10,4
314,1.816,8.338,-0.118,0.594,1.940,-0.028,300.000,100.000,0.000,10,4
315,1.828,8.377,-0.119,0.595,1.940,-0.028,300.000,100.000,0.000,10,4
316,1.840,8.415,-0.119,0.598,1.951,-0.028,300.000,100.000,0.000,11,29
317,1.852,8.454,-0.120,0.602,1.962,-0.028,300.000,100.000,0.000,11,29
318,1.864,8.494,-0.121,0.605,1.973,-0.028,300.000,100.000,0.000,11,29
319,1.876,8.533,-0.121,0.608,1.984,-0.028,300.000,100.000,0.000,11,29
320,1.888,8.573,-0.122,0.611,1.995,-0.029,300.000,100.000,0.000,11,29
321,1.900,8.613,-0.122,0.613,1.994,-0.029,300.000,100.000,0.000,12,4
322,1.912,8.652,-0.123,0.615,1.994,-0.029,300.000,100.000,0.000,12,4
323,1.925,8.692,-0.123,0.616,1.994,-0.029,300.000,100.000,0.000,12,4
324,1.937,8.732,-0.124,0.618,1.994,-0.029,300.000,100.000,0.000,12,4
325,1.949,8.772,-0.125,0.620,1.993,-0.029,300.000,100.000,0.000,12,4
326,1.962,8.812,-0.125,0.622,1.993,-0.029,300.000,100.000,0.000,12,4
327,1.974,8.852,-0.126,0.623,1.993,-0.029,300.000,100.000,0.000,12,4
328,1.987,8.892,-0.126,0.625,1.993,-0.029,300.000,100.000,0.000,12,4
329,1.999,8.932,-0.127,0.627,1.993,-0.029,300.000,100.000,0.000,12,4
330,2.012,8.971,-0.127,0.629,1.992,-0.029,300.000,100.000,0.000,12,4
331,2.024,9.011,-0.128,0.631,1.992,-0.029,300.000,100.000,0.000,12,4
332,2.037,9.051,-0.129,0.632,1.992,-0.029,300.000,100.000,0.000,12,4
333,2.050,9.091,-0.129,0.634,1.992,-0.029,300.000,100.000,0.000,12,4
334,2.062,9.131,-0.130,0.636,1.991,-0.029,300.000,100.000,0.000,12,4
335,2.075,9.171,-0.130,0.638,1.991,-0.029,300.000,100.000,0.000,12,4
336,2.088,9.210,-0.131,0.639,1.991,-0.029,300.000,100.000,0.000,12,4
337,2.100,9.250,-0.131,0.641,1.991,-0.029,300.000,100.000,0.000,12,4
338,2.113,9.290,-0.132,0.643,1.990,-0.029,300.000,100.000,0.000,12,4
339,2.126,9.330,-0.133,0.645,1.990,-0.029,300.000,100.000,0.000,12,4
340,2.139,9.370,-0.133,0.647,1.990,-0.029,300.000,100.000,0.000,12,4
341,2.152,9.409,-0.134,0.648,1.990,-0.029,300.000,100.000,0.000,12,4
342,2.165,9.449,-0.134,0.650,1.989,-0.029,300.000,100.000,0.000,12,4
343,2.178,9.489,-0.135,0.652,1.989,-0.029,300.000,100.000,0.000,12,4
344,2.191,9.529,-0.135,0.654,1.989,-0.029,300.000,100.000,0.000,12,4
345,2.204,9.569,-0.136,0.656,1.989,-0.029,300.000,100.000,0.000,12,4
346,2.217,9.608,-0.137,0.659,2.000,-0.029,300.000,100.000,0.000,13,29
347,2.230,9.648,-0.137,0.662,2.011,-0.029,300.000,100.000,0.000,13,29
348,2.244,9.689,-0.138,0.665,2.021,-0.029,300.000,100.000,0.000,13,29
349,2.257,9.729,-0.138,0.669,2.032,-0.029,300.000,100.000,0.000,13,29
350,2.270,9.770,-0.139,0.672,2.043,-0.029,300.000,100.000,0.000,13,29
351,2.284,9.811,-0.139,0.674,2.043,-0.029,300.000,100.000,0.000,14,4
352,2.297,9.851,-0.140,0.676,2.043,-0.029,300.000,100.000,0.000,14,4
353,2.311,9.892,-0.141,0.677,2.042,-0.029,300.000,100.000,0.000,14,4
354,2.324,9.933,-0.141,0.679,2.042,-0.029,300.000,100.000,0.000,14,4
355,2.338,9.974,-0.142,0.681,2.042,-0.029,300.000,100.000,0.000,14,4
356,2.351,10.015,-0.142,0.683,2.042,-0.029,300.000,100.000,0.000,14,4
357,2.365,10.056,-0.143,0.685,2.041,-0.029,300.000,100.000,0.000,14,4
358,2.379,10.096,-0.144,0.686,2.041,-0.029,300.000,100.000,0.000,14,4
359,2.393,10.137,-0.144,0.688,2.041,-0.029,300.000,100.000,0.000,14,4
360,2.406,10.178,-0.145,0.690,2.041,-0.029,300.000,100.000,0.000,14,4
361,2.420,10.219,-0.145,0.692,2.040,-0.029,300.000,100.000,0.000,14,4
362,2.434,10.260,-0.146,0.693,2.040,-0.029,300.000,100.000,0.000,14,4
363,2.448,10.300,-0.147,0.695,2.040,-0.029,300.000,100.000,0.000,14,4
364,2.462,10.341,-0.147,0.697,2.040,-0.029,300.000,100.000,0.000,14,4
365,2.476,10.382,-0.148,0.699,2.039,-0.029,300.000,100.000,0.000,14,4
366,2.490,10.423,-0.148,0.701,2.039,-0.029,300.000,100.000,0.000,14,4
367,2.504,10.464,-0.149,0.702,2.039,-0.029,300.000,100.000,0.000,14,4
368,2.518,10.504,-0.149,0.704,2.039,-0.029,300.000,100.000,0.000,14,4
369,2.532,10.545,-0.150,0.706,2.038,-0.029,300.000,100.000,0.000,14,4
370,2.546,10.586,-0.151,0.708,2.038,-0.029,300.000,100.000,0.000,14,4
371,2.560,10.627,-0.151,0.709,2.038,-0.029,300.000,100.000,0.000,14,4
372,2.574,10.667,-0.152,0.711,2.037,-0.029,300.000,100.000,0.000,14,4
373,2.588,10.708,-0.152,0.713,2.037,-0.029,300.000,100.000,0.000,14,4
374,2.603,10.749,-0.153,0.715,2.037,-0.029,300.000,100.000,0.000,14,4
375,2.617,10.790,-0.154,0.717,2.037,-0.029,300.000,100.000,0.000,14,4
376,2.631,10.830,-0.154,0.720,2.047,-0.030,300.000,100.000,0.000,15,29
377,2.646,10.871,-0.155,0.724,2.058,-0.030,300.000,100.000,0.000,15,29
378,2.660,10.913,-0.155,0.727,2.069,-0.030,300.000,100.000,0.000,15,29
379,2.675,10.954,-0.156,0.731,2.080,-0.030,300.000,100.000,0.000,15,29
380,2.689,10.996,-0.157,0.734,2.091,-0.030,300.000,100.000,0.000,15,29
381,2.704,11.037,-0.157,0.736,2.090,-0.030,300.000,100.000,0.000,16,4
382,2.719,11.079,-0.158,0.738,2.090,-0.030,300.000,100.000,0.000,16,4
383,2.733,11.121,-0.158,0.739,2.090,-0.030,300.000,100.000,0.000,16,4
384,2.748,11.163,-0.159,0.741,2.090,-0.030,300.000,100.000,0.000,16,4
385,2.763,11.205,-0.160,0.743,2.089,-0.030,300.000,100.000,0.000,16,4
386,2.778,11.246,-0.160,0.745,2.089,-0.030,300.000,100.000,0.000,16,4
387,2.793,11.288,-0.161,0.747,2.089,-0.030,300.000,100.000,0.000,16,4
388,2.808,11.330,-0.161,0.748,2.088,-0.030,300.000,100.000,0.000,16,4
389,2.823,11.372,-0.162,0.750,2.088,-0.030,300.000,100.000,0.000,16,4
390,2.838,11.413,-0.163,0.752,2.088,-0.030,300.000,100.000,0.000,16,4
391,2.853,11.455,-0.163,0.754,2.088,-0.030,300.000,100.000,0.000,16,4
392,2.868,11.497,-0.164,0.755,2.087,-0.030,300.000,100.000,0.000,16,4
393,2.883,11.539,-0.164,0.757,2.087,-0.030,300.000,100.000,0.000,16,4
394,2.898,11.580,-0.165,0.759,2.087,-0.030,300.000,100.000,0.000,16,4
395,2.913,11.622,-0.166,0.761,2.086,-0.030,300.000,100.000,0.000,16,4
396,2.929,11.664,-0.166,0.762,2.086,-0.030,300.000,100.000,0.000,16,4
397,2.944,11.706,-0.167,0.764,2.086,-0.030,300.000,100.000,0.000,16,4
398,2.959,11.747,-0.167,0.766,2.086,-0.030,300.000,100.000,0.000,16,4
399,2.974,11.789,-0.168,0.768,2.085,-0.030,300.000,100.000,0.000,16,4
400,2.990,11.831,-0.169,0.770,2.085,-0.030,300.000,100.000,0.000,16,4
401,3.005,11.872,-0.169,0.773,2.096,-0.030,300.000,100.000,0.000,17,29
402,3.021,11.914,-0.170,0.777,2.106,-0.030,300.000,100.000,0.000,17,29
403,3.036,11.956,-0.170,0.781,2.117,-0.031,300.000,100.000,0.000,17,29
404,3.052,11.999,-0.171,0.784,2.128,-0.031,300.000,100.000,0.000,17,29
405,3.067,12.041,-0.172,0.788,2.139,-0.031,300.000,100.000,0.000,17,29
406,3.083,12.084,-0.172,0.790,2.138,-0.031,300.000,100.000,0.000,18,4
407,3.099,12.127,-0.173,0.791,2.138,-0.031,300.000,100.000,0.000,18,4
408,3.115,12.170,-0.174,0.793,2.138,-0.031,300.000,100.000,0.000,18,4
409,3.131,12.212,-0.174,0.795,2.138,-0.031,300.000,100.000,0.000,18,4
410,3.147,12.255,-0.175,0.797,2.137,-0.031,300.000,100.000,0.000,18,4
411,3.162,12.298,-0.175,0.799,2.137,-0.031,300.000,100.000,0.000,18,4
412,3.178,12.341,-0.176,0.800,2.137,-0.031,300.000,100.000,0.000,18,4
413,3.194,12.383,-0.177,0.802,2.136,-0.031,300.000,100.000,0.000,18,4
414,3.211,12.426,-0.177,0.804,2.136,-0.031,300.000,100.000,0.000,18,4
415,3.227,12.469,-0.178,0.806,2.136,-0.031,300.000,100.000,0.000,18,4
416,3.243,12.512,-0.178,0.807,2.135,-0.031,300.000,100.000,0.000,18,4
417,3.259,12.554,-0.179,0.809,2.135,-0.031,300.000,100.000,0.000,18,4
418,3.275,12.597,-0.180,0.811,2.135,-0.031,300.000,100.000,0.000,18,4
419,3.291,12.640,-0.180,0.813,2.134,-0.031,300.000,100.000,0.000,18,4
420,3.308,12.682,-0.181,0.814,2.134,-0.031,300.000,100.000,0.000,18,4
421,3.324,12.725,-0.182,0.816,2.134,-0.031,300.000,100.000,0.000,18,4
422,3.340,12.768,-0.182,0.818,2.133,-0.031,300.000,100.000,0.000,18,4
423,3.356,12.810,-0.183,0.820,2.133,-0.031,300.000,100.000,0.000,18,4
424,3.373,12.853,-0.183,0.822,2.133,-0.031,300.000,100.000,0.000,18,4
425,3.389,12.896,-0.184,0.823,2.132,-0.031,300.000,100.000,0.000,18,4
426,3.406,12.938,-0.185,0.825,2.132,-0.031,300.000,100.000,0.000,18,4
427,3.422,12.981,-0.185,0.827,2.132,-0.031,300.000,100.000,0.000,18,4
428,3.439,13.024,-0.186,0.829,2.131,-0.031,300.000,100.000,0.000,18,4
429,3.455,13.066,-0.187,0.830,2.131,-0.031,300.000,100.000,0.000,18,4
430,3.472,13.109,-0.187,0.832,2.131,-0.031,300.000,100.000,0.000,18,4
431,3.489,13.151,-0.188,0.836,2.141,-0.031,300.000,100.000,0.000,19,29
432,3.505,13.194,-0.188,0.840,2.152,-0.031,300.000,100.000,0.000,19,29
433,3.522,13.237,-0.189,0.844,2.163,-0.031,300.000,100.000,0.000,19,29
434,3.539,13.281,-0.190,0.848,2.174,-0.032,300.000,100.000,0.000,19,29
435,3.556,13.324,-0.190,0.851,2.184,-0.032,300.000,100.000,0.000,19,29
436,3.573,13.368,-0.191,0.853,2.184,-0.032,300.000,100.000,0.000,20,4
437,3.590,13.411,-0.192,0.855,2.184,-0.032,300.000,100.000,0.000,20,4
438,3.607,13.455,-0.192,0.857,2.183,-0.032,300.000,100.000,0.000,20,4
439,3.624,13.499,-0.193,0.859,2.183,-0.032,300.000,100.000,0.000,20,4
440,3.641,13.542,-0.193,0.860,2.183,-0.032,300.000,100.000,0.000,20,4
441,3.659,13.586,-0.194,0.862,2.182,-0.032,300.000,100.000,0.000,20,4
442,3.676,13.630,-0.195,0.864,2.182,-0.032,300.000,100.000,0.000,20,4
443,3.693,13.673,-0.195,0.866,2.181,-0.032,300.000,100.000,0.000,20,4
444,3.711,13.717,-0.196,0.867,2.181,-0.032,300.000,100.000,0.000,20,4
445,3.728,13.761,-0.197,0.869,2.181,-0.032,300.000,100.000,0.000,20,4
446,3.745,13.804,-0.197,0.871,2.180,-0.032,300.000,100.000,0.000,20,4
447,3.763,13.848,-0.198,0.873,2.180,-0.032,300.000,100.000,0.000,20,4
448,3.780,13.891,-0.198,0.874,2.180,-0.032,300.000,100.000,0.000,20,4
449,3.798,13.935,-0.199,0.876,2.179,-0.032,300.000,100.000,0.000,20,4
450,3.815,13.979,-0.200,0.878,2.179,-0.032,300.000,100.000,0.000,20,4
451,3.833,14.022,-0.200,0.880,2.179,-0.032,300.000,100.000,0.000,20,4
452,3.850,14.066,-0.201,0.881,2.178,-0.032,300.000,100.000,0.000,20,4
453,3.868,14.109,-0.202,0.883,2.178,-0.032,300.000,100.000,0.000,20,4
454,3.886,14.153,-0.202,0.885,2.178,-0.032,300.000,100.000,0.000,20,4
455,3.903,14.196,-0.203,0.887,2.177,-0.032,300.000,100.000,0.000,20,4
456,3.921,14.240,-0.204,0.888,2.177,-0.032,300.000,100.000,0.000,20,4
457,3.939,14.284,-0.204,0.890,2.177,-0.032,300.000,100.000,0.000,20,4
458,3.957,14.327,-0.205,0.892,2.176,-0.032,300.000,100.000,0.000,20,4
459,3.974,14.371,-0.205,0.894,2.176,-0.032,300.000,100.000,0.000,20,4
460,3.992,14.414,-0.206,0.896,2.175,-0.032,300.000,100.000,0.000,20,4
461,4.010,14.458,-0.207,0.900,2.186,-0.032,300.000,100.000,0.000,21,29
462,4.028,14.501,-0.207,0.904,2.197,-0.032,300.000,100.000,0.000,21,29
463,4.046,14.545,-0.208,0.908,2.207,-0.032,300.000,100.000,0.000,21,29
464,4.064,14.589,-0.209,0.912,2.218,-0.032,300.000,100.000,0.000,21,29
465,4.083,14.634,-0.209,0.916,2.229,-0.033,300.000,100.000,0.000,21,29
466,4.101,14.678,-0.210,0.918,2.228,-0.033,300.000,100.000,0.000,22,4
467,4.119,14.723,-0.211,0.919,2.228,-0.033,300.000,100.000,0.000,22,4
468,4.138,14.767,-0.211,0.921,2.227,-0.033,300.000,100.000,0.000,22,4
469,4.156,14.812,-0.212,0.923,2.227,-0.033,300.000,100.000,0.000,22,4
470,4.175,14.857,-0.213,0.925,2.227,-0.033,300.000,100.000,0.000,22,4
471,4.193,14.901,-0.213,0.926,2.226,-0.033,300.000,100.000,0.000,22,4
472,4.212,14.946,-0.214,0.928,2.226,-0.033,300.000,100.000,0.000,22,4
473,4.230,14.990,-0.215,0.930,2.225,-0.033,300.000,100.000,0.000,22,4
474,4.249,15.035,-0.215,0.932,2.225,-0.033,300.000,100.000,0.000,22,4
475,4.267,15.079,-0.216,0.933,2.225,-0.033,300.000,100.000,0.000,22,4
476,4.286,15.124,-0.216,0.935,2.224,-0.033,300.000,100.000,0.000,22,4
477,4.305,15.168,-0.217,0.937,2.224,-0.033,300.000,100.000,0.000,22,4
478,4.324,15.213,-0.218,0.939,2.224,-0.033,300.000,100.000,0.000,22,4
479,4.342,15.257,-0.218,0.940,2.223,-0.033,300.000,100.000,0.000,22,4
480,4.361,15.302,-0.219,0.942,2.223,-0.033,300.000,100.000,0.000,22,4
481,4.380,15.346,-0.220,0.944,2.222,-0.033,300.000,100.000,0.000,22,4
482,4.399,15.390,-0.220,0.946,2.222,-0.033,300.000,100.000,0.000,22,4
483,4.418,15.435,-0.221,0.947,2.222,-0.033,300.000,100.000,0.000,22,4
484,4.437,15.479,-0.222,0.949,2.221,-0.033,300.000,100.000,0.000,22,4
485,4.456,15.524,-0.222,0.951,2.221,-0.033,300.000,100.000,0.000,22,4
486,4.475,15.568,-0.223,0.955,2.231,-0.033,300.000,100.000,0.000,23,29
487,4.494,15.613,-0.224,0.959,2.242,-0.033,300.000,100.000,0.000,23,29
488,4.513,15.658,-0.224,0.964,2.253,-0.033,300.000,100.000,0.000,23,29
489,4.532,15.703,-0.225,0.968,2.263,-0.033,300.000,100.000,0.000,23,29
490,4.552,15.748,-0.226,0.972,2.274,-0.033,300.000,100.000,0.000,23,29
491,4.571,15.793,-0.226,0.974,2.273,-0.033,300.000,100.000,0.000,24,4
492,4.591,15.839,-0.227,0.976,2.273,-0.033,300.000,100.000,0.000,24,4
493,4.610,15.884,-0.228,0.977,2.272,-0.033,300.000,100.000,0.000,24,4
494,4.630,15.930,-0.228,0.979,2.272,-0.033,300.000,100.000,0.000,24,4
495,4.649,15.975,-0.229,0.981,2.272,-0.033,300.000,100.000,0.000,24,4
496,4.669,16.021,-0.230,0.983,2.271,-0.033,300.000,100.000,0.000,24,4
497,4.688,16.066,-0.230,0.984,2.271,-0.033,300.000,100.000,0.000,24,4
498,4.708,16.111,-0.231,0.986,2.270,-0.033,300.000,100.000,0.000,24,4
499,4.728,16.157,-0.232,0.988,2.270,-0.033,300.000,100.000,0.000,24,4
500,4.748,16.202,-0.232,0.990,2.270,-0.033,300.000,100.000,0.000,24,4
501,4.767,16.248,-0.233,0.991,2.269,-0.033,300.000,100.000,0.000,24,4
502,4.787,16.293,-0.234,0.993,2.269,-0.033,300.000,100.000,0.000,24,4
503,4.807,16.338,-0.234,0.995,2.268,-0.033,300.000,100.000,0.000,24,4
504,4.827,16.384,-0.235,0.997,2.268,-0.033,300.000,100.000,0.000,24,4
505,4.847,16.429,-0.236,0.998,2.267,-0.033,300.000,100.000,0.000,24,4
506,4.867,16.474,-0.236,1.000,2.267,-0.033,300.000,100.000,0.000,24,4
507,4.887,16.520,-0.237,1.002,2.267,-0.033,300.000,100.000,0.000,24,4
508,4.907,16.565,-0.238,1.004,2.266,-0.033,300.000,100.000,0.000,24,4
509,4.927,16.610,-0.238,1.005,2.266,-0.033,300.000,100.000,0.000,24,4
510,4.947,16.656,-0.239,1.007,2.265,-0.033,300.000,100.000,0.000,24,4
511,4.967,16.701,-0.240,1.009,2.265,-0.033,300.000,100.000,0.000,24,4
512,4.987,16.746,-0.240,1.011,2.264,-0.033,300.000,100.000,0.000,24,4
513,5.008,16.792,-0.241,1.012,2.264,-0.033,300.000,100.000,0.000,24,4
514,5.028,16.837,-0.242,1.014,2.264,-0.033,300.000,100.000,0.000,24,4
515,5.048,16.882,-0.242,1.016,2.263,-0.033,300.000,100.000,0.000,24,4
516,5.069,16.928,-0.243,1.020,2.274,-0.033,300.000,100.000,0.000,25,29
517,5.089,16.973,-0.244,1.025,2.284,-0.034,300.000,100.000,0.000,25,29
518,5.109,17.019,-0.244,1.029,2.295,-0.034,300.000,100.000,0.000,25,29
519,5.130,17.065,-0.245,1.034,2.305,-0.034,300.000,100.000,0.000,25,29
520,5.151,17.111,-0.246,1.038,2.316,-0.034,300.000,100.000,0.000,25,29
521,5.171,17.157,-0.246,1.040,2.315,-0.034,300.000,100.000,0.000,26,4
522,5.192,17.203,-0.247,1.042,2.315,-0.034,300.000,100.000,0.000,26,4
523,5.213,17.250,-0.248,1.043,2.314,-0.034,300.000,100.000,0.000,26,4
524,5.234,17.296,-0.248,1.045,2.314,-0.034,300.000,100.000,0.000,26,4
525,5.255,17.342,-0.249,1.047,2.313,-0.034,300.000,100.000,0.000,26,4
526,5.276,17.388,-0.250,1.049,2.313,-0.034,300.000,100.000,0.000,26,4
527,5.297,17.435,-0.250,1.050,2.312,-0.034,300.000,100.000,0.000,26,4
528,5.318,17.481,-0.251,1.052,2.312,-0.034,300.000,100.000,0.000,26,4
529,5.339,17.527,-0.252,1.054,2.312,-0.034,300.000,100.000,0.000,26,4
530,5.360,17.573,-0.252,1.056,2.311,-0.034,300.000,100.000,0.000,26,4
531,5.381,17.620,-0.253,1.057,2.311,-0.034,300.000,100.000,0.000,26,4
532,5.402,17.666,-0.254,1.059,2.310,-0.034,300.000,100.000,0.000,26,4
533,5.423,17.712,-0.254,1.061,2.310,-0.034,300.000,100.000,0.000,26,4
534,5.445,17.758,-0.255,1.063,2.309,-0.034,300.000,100.000,0.000,26,4
535,5.466,17.804,-0.256,1.064,2.309,-0.034,300.000,100.000,0.000,26,4
536,5.487,17.851,-0.257,1.066,2.308,-0.034,300.000,100.000,0.000,26,4
537,5.508,17.897,-0.257,1.068,2.308,-0.034,300.000,100.000,0.000,26,4
538,5.530,17.943,-0.258,1.070,2.307,-0.034,300.000,100.000,0.000,26,4
539,5.551,17.989,-0.259,1.071,2.307,-0.034,300.000,100.000,0.000,26,4
540,5.573,18.035,-0.259,1.073,2.307,-0.034,300.000,100.000,0.000,26,4
541,5.594,18.081,-0.260,1.078,2.317,-0.034,300.000,100.000,0.000,27,29
542,5.616,18.128,-0.261,1.082,2.327,-0.034,300.000,100.000,0.000,27,29
543,5.637,18.174,-0.261,1.087,2.338,-0.035,300.000,100.000,0.000,27,29
544,5.659,18.221,-0.262,1.092,2.348,-0.035,300.000,100.000,0.000,27,29
545,5.681,18.268,-0.263,1.096,2.359,-0.035,300.000,100.000,0.000,27,29
546,5.703,18.315,-0.263,1.098,2.358,-0.035,300.000,100.000,0.000,28,4
547,5.725,18.362,-0.264,1.100,2.358,-0.035,300.000,100.000,0.000,28,4
548,5.747,18.409,-0.265,1.101,2.357,-0.035,300.000,100.000,0.000,28,4
549,5.769,18.457,-0.265,1.103,2.357,-0.035,300.000,100.000,0.000,28,4
550,5.791,18.504,-0.266,1.105,2.356,-0.035,300.000,100.000,0.000,28,4
551,5.813,18.551,-0.267,1.107,2.356,-0.035,300.000,100.000,0.000,28,4
552,5.835,18.598,-0.268,1.108,2.355,-0.035,300.000,100.000,0.000,28,4
553,5.857,18.645,-0.268,1.110,2.355,-0.035,300.000,100.000,0.000,28,4
554,5.879,18.692,-0.269,1.112,2.354,-0.035,300.000,100.000,0.000,28,4
555,5.902,18.739,-0.270,1.113,2.354,-0.035,300.000,100.000,0.000,28,4
556,5.924,18.786,-0.270,1.115,2.353,-0.035,300.000,100.000,0.000,28,4
557,5.946,18.833,-0.271,1.117,2.353,-0.035,300.000,100.000,0.000,28,4
558,5.969,18.880,-0.272,1.119,2.352,-0.035,300.000,100.000,0.000,28,4
559,5.991,18.927,-0.272,1.120,2.352,-0.035,300.000,100.000,0.000,28,4
560,6.013,18.974,-0.273,1.122,2.351,-0.035,300.000,100.000,0.000,28,4
561,6.036,19.022,-0.274,1.124,2.351,-0.035,300.000,100.000,0.000,28,4
562,6.058,19.069,-0.275,1.126,2.350,-0.035,300.000,100.000,0.000,28,4
563,6.081,19.116,-0.275,1.127,2.350,-0.035,300.000,100.000,0.000,28,4
564,6.103,19.163,-0.276,1.129,2.349,-0.035,300.000,100.000,0.000,28,4
565,6.126,19.210,-0.277,1.131,2.349,-0.035,300.000,100.000,0.000,28,4
566,6.148,19.257,-0.277,1.136,2.359,-0.035,300.000,100.000,0.000,29,29
567,6.171,19.304,-0.278,1.140,2.370,-0.035,300.000,100.000,0.000,29,29
568,6.194,19.351,-0.279,1.145,2.380,-0.035,300.000,100.000,0.000,29,29
569,6.217,19.399,-0.279,1.150,2.390,-0.036,300.000,100.000,0.000,29,29
570,6.240,19.446,-0.280,1.155,2.401,-0.036,300.000,100.000,0.000,29,29
571,6.263,19.495,-0.281,1.157,2.400,-0.036,300.000,100.000,0.000,30,4
572,6.286,19.543,-0.282,1.158,2.400,-0.036,300.000,100.000,0.000,30,4
573,6.309,19.590,-0.282,1.160,2.399,-0.036,300.000,100.000,0.000,30,4
574,6.333,19.638,-0.283,1.162,2.399,-0.036,300.000,100.000,0.000,30,4
575,6.356,19.686,-0.284,1.163,2.398,-0.036,300.000,100.000,0.000,30,4
576,6.379,19.734,-0.284,1.165,2.398,-0.036,300.000,100.000,0.000,30,4
577,6.402,19.782,-0.285,1.167,2.397,-0.036,300.000,100.000,0.000,30,4
578,6.426,19.830,-0.286,1.169,2.396,-0.036,300.000,100.000,0.000,30,4
579,6.449,19.878,-0.287,1.170,2.396,-0.036,300.000,100.000,0.000,30,4
580,6.472,19.926,-0.287,1.172,2.395,-0.036,300.000,100.000,0.000,30,4
581,6.496,19.974,-0.288,1.174,2.395,-0.036,300.000,100.000,0.000,30,4
582,6.519,20.022,-0.289,1.176,2.394,-0.036,300.000,100.000,0.000,30,4
583,6.543,20.070,-0.289,1.177,2.394,-0.036,300.000,100.000,0.000,30,4
584,6.566,20.118,-0.290,1.179,2.393,-0.036,300.000,100.000,0.000,30,4
585,6.590,20.166,-0.291,1.181,2.393,-0.036,300.000,100.000,0.000,30,4
586,6.614,20.213,-0.292,1.182,2.392,-0.036,300.000,100.000,0.000,30,4
587,6.637,20.261,-0.292,1.184,2.392,-0.036,300.000,100.000,0.000,30,4
588,6.661,20.309,-0.293,1.186,2.391,-0.036,300.000,100.000,0.000,30,4
589,6.685,20.357,-0.294,1.188,2.391,-0.036,300.000,100.000,0.000,30,4
590,6.708,20.405,-0.294,1.189,2.390,-0.036,300.000,100.000,0.000,30,4
591,6.732,20.453,-0.295,1.191,2.390,-0.036,300.000,100.000,0.000,30,4
592,6.756,20.500,-0.296,1.193,2.389,-0.036,300.000,100.000,0.000,30,4
593,6.780,20.548,-0.297,1.194,2.389,-0.036,300.000,100.000,0.000,30,4
594,6.804,20.596,-0.297,1.196,2.388,-0.036,300.000,100.000,0.000,30,4
595,6.828,20.644,-0.298,1.198,2.388,-0.036,300.000,100.000,0.000,30,4
596,6.852,20.691,-0.299,1.203,2.398,-0.036,300.000,100.000,0.000,31,29
597,6.876,20.739,-0.299,1.208,2.408,-0.036,300.000,100.000,0.000,31,29
598,6.900,20.788,-0.300,1.213,2.418,-0.036,300.000,100.000,0.000,31,29
599,6.924,20.836,-0.301,1.218,2.429,-0.036,300.000,100.000,0.000,31,29
600,6.948,20.885,-0.302,1.223,2.439,-0.036,300.000,100.000,0.000,31,29
601,6.973,20.933,-0.302,1.225,2.438,-0.036,300.000,100.000,0.000,32,4
602,6.997,20.982,-0.303,1.227,2.438,-0.036,300.000,100.000,0.000,32,4
603,7.022,21.031,-0.304,1.228,2.437,-0.036,300.000,100.000,0.000,32,4
604,7.047,21.080,-0.305,1.230,2.437,-0.036,300.000,100.000,0.000,32,4
605,7.071,21.128,-0.305,1.232,2.436,-0.036,300.000,100.000,0.000,32,4
606,7.096,21.177,-0.306,1.233,2.435,-0.036,300.000,100.000,0.000,32,4
607,7.120,21.226,-0.307,1.235,2.435,-0.036,300.000,100.000,0.000,32,4
608,7.145,21.274,-0.307,1.237,2.434,-0.036,300.000,100.000,0.000,32,4
609,7.170,21.323,-0.308,1.239,2.434,-0.036,300.000,100.000,0.000,32,4
610,7.195,21.372,-0.309,1.240,2.433,-0.036,300.000,100.000,0.000,32,4
611,7.219,21.420,-0.310,1.242,2.433,-0.036,300.000,100.000,0.000,32,4
612,7.244,21.469,-0.310,1.244,2.432,-0.036,300.000,100.000,0.000,32,4
613,7.269,21.518,-0.311,1.245,2.432,-0.036,300.000,100.000,0.000,32,4
614,7.294,21.566,-0.312,1.247,2.431,-0.036,300.000,100.000,0.000,32,4
615,7.319,21.615,-0.313,1.249,2.431,-0.036,300.000,100.000,0.000,32,4
616,7.344,21.664,-0.313,1.250,2.430,-0.036,300.000,100.000,0.000,32,4
617,7.369,21.712,-0.314,1.252,2.429,-0.036,300.000,100.000,0.000,32,4
618,7.394,21.761,-0.315,1.254,2.429,-0.036,300.000,100.000,0.000,32,4
619,7.419,21.809,-0.315,1.256,2.428,-0.036,300.000,100.000,0.000,32,4
620,7.444,21.858,-0.316,1.257,2.428,-0.036,300.000,100.000,0.000,32,4
621,7.469,21.907,-0.317,1.263,2.438,-0.037,300.000,100.000,0.000,33,29
622,7.495,21.955,-0.318,1.268,2.448,-0.037,300.000,100.000,0.000,33,29
623,7.520,22.004,-0.318,1.273,2.458,-0.037,300.000,100.000,0.000,33,29
624,7.545,22.053,-0.319,1.278,2.468,-0.037,300.000,100.000,0.000,33,29
625,7.571,22.103,-0.320,1.283,2.478,-0.037,300.000,100.000,0.000,33,29
626,7.597,22.152,-0.321,1.285,2.478,-0.037,300.000,100.000,0.000,34,4
627,7.622,22.202,-0.321,1.287,2.477,-0.037,300.000,100.000,0.000,34,4
628,7.648,22.251,-0.322,1.289,2.477,-0.037,300.000,100.000,0.000,34,4
629,7.674,22.301,-0.323,1.290,2.476,-0.037,300.000,100.000,0.000,34,4
630,7.700,22.350,-0.324,1.292,2.476,-0.037,300.000,100.000,0.000,34,4
631,7.726,22.400,-0.324,1.294,2.475,-0.037,300.000,100.000,0.000,34,4
632,7.751,22.449,-0.325,1.295,2.474,-0.037,300.000,100.000,0.000,34,4
633,7.777,22.499,-0.326,1.297,2.474,-0.037,300.000,100.000,0.000,34,4
634,7.803,22.548,-0.327,1.299,2.473,-0.037,300.000,100.000,0.000,34,4
635,7.829,22.598,-0.327,1.300,2.473,-0.037,300.000,100.000,0.000,34,4
636,7.855,22.647,-0.328,1.302,2.472,-0.037,300.000,100.000,0.000,34,4
637,7.881,22.697,-0.329,1.304,2.471,-0.037,300.000,100.000,0.000,34,4
638,7.907,22.746,-0.330,1.306,2.471,-0.037,300.000,100.000,0.000,34,4
639,7.933,22.796,-0.330,1.307,2.470,-0.037,300.000,100.000,0.000,34,4
640,7.960,22.845,-0.331,1.309,2.470,-0.037,300.000,100.000,0.000,34,4
641,7.986,22.894,-0.332,1.311,2.469,-0.037,300.000,100.000,0.000,34,4
642,8.012,22.944,-0.333,1.312,2.469,-0.037,300.000,100.000,0.000,34,4
643,8.038,22.993,-0.333,1.314,2.468,-0.037,300.000,100.000,0.000,34,4
644,8.065,23.043,-0.334,1.316,2.467,-0.037,300.000,100.000,0.000,34,4
645,8.091,23.092,-0.335,1.317,2.467,-0.037,300.000,100.000,0.000,34,4
646,8.117,23.141,-0.336,1.323,2.477,-0.037,300.000,100.000,0.000,35,29
647,8.144,23.191,-0.336,1.328,2.487,-0.038,300.000,100.000,0.000,35,29
648,8.170,23.241,-0.337,1.334,2.497,-0.038,300.000,100.000,0.000,35,29
649,8.197,23.290,-0.338,1.339,2.507,-0.038,300.000,100.000,0.000,35,29
650,8.224,23.341,-0.339,1.344,2.517,-0.038,300.000,100.000,0.000,35,29
651,8.251,23.391,-0.339,1.346,2.516,-0.038,300.000,100.000,0.000,36,4
652,8.277,23.441,-0.340,1.348,2.516,-0.038,300.000,100.000,0.000,36,4
653,8.304,23.492,-0.341,1.350,2.515,-0.038,300.000,100.000,0.000,36,4
654,8.331,23.542,-0.342,1.351,2.514,-0.038,300.000,100.000,0.000,36,4
655,8.358,23.592,-0.342,1.353,2.514,-0.038,300.000,100.000,0.000,36,4
656,8.386,23.642,-0.343,1.355,2.513,-0.038,300.000,100.000,0.000,36,4
657,8.413,23.693,-0.344,1.356,2.513,-0.038,300.000,100.000,0.000,36,4
658,8.440,23.743,-0.345,1.358,2.512,-0.038,300.000,100.000,0.000,36,4
659,8.467,23.793,-0.345,1.360,2.511,-0.038,300.000,100.000,0.000,36,4
660,8.494,23.843,-0.346,1.361,2.511,-0.038,300.000,100.000,0.000,36,4
661,8.521,23.894,-0.347,1.363,2.510,-0.038,300.000,100.000,0.000,36,4
662,8.549,23.944,-0.348,1.365,2.510,-0.038,300.000,100.000,0.000,36,4
663,8.576,23.994,-0.348,1.366,2.509,-0.038,300.000,100.000,0.000,36,4
664,8.603,24.044,-0.349,1.368,2.508,-0.038,300.000,100.000,0.000,36,4
665,8.631,24.094,-0.350,1.370,2.508,-0.038,300.000,100.000,0.000,36,4
666,8.658,24.145,-0.351,1.372,2.507,-0.038,300.000,100.000,0.000,36,4
667,8.685,24.195,-0.351,1.373,2.507,-0.038,300.000,100.000,0.000,36,4
668,8.713,24.245,-0.352,1.375,2.506,-0.038,300.000,100.000,0.000,36,4
669,8.740,24.295,-0.353,1.377,2.505,-0.038,300.000,100.000,0.000,36,4
670,8.768,24.345,-0.354,1.378,2.505,-0.038,300.000,100.000,0.000,36,4
671,8.795,24.395,-0.355,1.384,2.515,-0.038,300.000,100.000,0.000,37,29
672,8.823,24.445,-0.355,1.389,2.525,-0.038,300.000,100.000,0.000,37,29
673,8.851,24.496,-0.356,1.395,2.534,-0.039,300.000,100.000,0.000,37,29
674,8.879,24.547,-0.357,1.401,2.544,-0.039,300.000,100.000,0.000,37,29
675,8.907,24.597,-0.358,1.406,2.554,-0.039,300.000,100.000,0.000,37,29
676,8.935,24.649,-0.358,1.408,2.554,-0.039,300.000,100.000,0.000,38,4
677,8.963,24.700,-0.359,1.410,2.553,-0.039,300.000,100.000,0.000,38,4
678,8.991,24.751,-0.360,1.411,2.552,-0.039,300.000,100.000,0.000,38,4
679,9.020,24.802,-0.361,1.413,2.552,-0.039,300.000,100.000,0.000,38,4
680,9.048,24.853,-0.361,1.415,2.551,-0.039,300.000,100.000,0.000,38,4
681,9.076,24.904,-0.362,1.416,2.550,-0.039,300.000,100.000,0.000,38,4
682,9.104,24.955,-0.363,1.418,2.550,-0.039,300.000,100.000,0.000,38,4
683,9.133,25.006,-0.364,1.420,2.549,-0.039,300.000,100.000,0.000,38,4
684,9.161,25.057,-0.365,1.421,2.548,-0.039,300.000,100.000,0.000,38,4
685,9.190,25.108,-0.365,1.423,2.548,-0.039,300.000,100.000,0.000,38,4
686,9.218,25.159,-0.366,1.425,2.547,-0.039,300.000,100.000,0.000,38,4
687,9.247,25.210,-0.367,1.426,2.547,-0.039,300.000,100.000,0.000,38,4
688,9.275,25.261,-0.368,1.428,2.546,-0.039,300.000,100.000,0.000,38,4
689,9.304,25.312,-0.368,1.430,2.545,-0.039,300.000,100.000,0.000,38,4
690,9.332,25.362,-0.369,1.431,2.545,-0.039,300.000,100.000,0.000,38,4
691,9.361,25.413,-0.370,1.433,2.544,-0.039,300.000,100.000,0.000,38,4
692,9.390,25.464,-0.371,1.435,2.543,-0.039,300.000,100.000,0.000,38,4
693,9.418,25.515,-0.372,1.436,2.543,-0.039,300.000,100.000,0.000,38,4
694,9.447,25.566,-0.372,1.438,2.542,-0.039,300.000,100.000,0.000,38,4
695,9.476,25.617,-0.373,1.440,2.541,-0.039,300.000,100.000,0.000,38,4
696,9.505,25.668,-0.374,1.446,2.551,-0.039,300.000,100.000,0.000,39,29
697,9.533,25.719,-0.375,1.451,2.561,-0.039,300.000,100.000,0.000,39,29
698,9.562,25.770,-0.375,1.457,2.571,-0.039,300.000,100.000,0.000,39,29
699,9.592,25.821,-0.376,1.463,2.581,-0.039,300.000,100.000,0.000,39,29
700,9.621,25.873,-0.377,1.469,2.590,-0.040,300.000,100.000,0.000,39,29
701,9.650,25.925,-0.378,1.470,2.590,-0.040,300.000,100.000,0.000,40,4
702,9.680,25.976,-0.379,1.472,2.589,-0.040,300.000,100.000,0.000,40,4
703,9.709,26.028,-0.379,1.474,2.588,-0.040,300.000,100.000,0.000,40,4
704,9.739,26.080,-0.380,1.475,2.588,-0.040,300.000,100.000,0.000,40,4
705,9.768,26.132,-0.381,1.477,2.587,-0.040,300.000,100.000,0.000,40,4
706,9.798,26.183,-0.382,1.479,2.586,-0.040,300.000,100.000,0.000,40,4
707,9.827,26.235,-0.383,1.480,2.586,-0.040,300.000,100.000,0.000,40,4
708,9.857,26.287,-0.383,1.482,2.585,-0.040,300.000,100.000,0.000,40,4
709,9.886,26.339,-0.384,1.484,2.584,-0.040,300.000,100.000,0.000,40,4
710,9.916,26.390,-0.385,1.485,2.584,-0.040,300.000,100.000,0.000,40,4
711,9.946,26.442,-0.386,1.487,2.583,-0.040,300.000,100.000,0.000,40,4
712,9.976,26.494,-0.387,1.489,2.582,-0.040,300.000,100.000,0.000,40,4
713,10.005,26.545,-0.387,1.490,2.582,-0.040,300.000,100.000,0.000,40,4
714,10.035,26.597,-0.388,1.492,2.581,-0.040,300.000,100.000,0.000,40,4
715,10.065,26.649,-0.389,1.494,2.580,-0.040,300.000,100.000,0.000,40,4
716,10.095,26.700,-0.390,1.495,2.580,-0.040,300.000,100.000,0.000,40,4
717,10.125,26.752,-0.391,1.497,2.579,-0.040,300.000,100.000,0.000,40,4
718,10.155,26.803,-0.391,1.499,2.578,-0.040,300.000,100.000,0.000,40,4
719,10.185,26.855,-0.392,1.500,2.578,-0.040,300.000,100.000,0.000,40,4
720,10.215,26.906,-0.393,1.502,2.577,-0.040,300.000,100.000,0.000,40,4
721,10.245,26.958,-0.394,1.508,2.587,-0.040,300.000,100.000,0.000,41,29
722,10.275,27.010,-0.395,1.514,2.596,-0.040,300.000,100.000,0.000,41,29
723,10.305,27.062,-0.395,1.520,2.606,-0.040,300.000,100.000,0.000,41,29
724,10.336,27.114,-0.396,1.526,2.616,-0.040,300.000,100.000,0.000,41,29
725,10.366,27.166,-0.397,1.532,2.625,-0.040,300.000,100.000,0.000,41,29
726,10.397,27.219,-0.398,1.534,2.625,-0.040,300.000,100.000,0.000,42,4
727,10.427,27.271,-0.399,1.535,2.624,-0.040,300.000,100.000,0.000,42,4
728,10.458,27.324,-0.399,1.537,2.623,-0.040,300.000,100.000,0.000,42,4
729,10.489,27.376,-0.400,1.539,2.622,-0.040,300.000,100.000,0.000,42,4
730,10.520,27.428,-0.401,1.540,2.622,-0.040,300.000,100.000,0.000,42,4
731,10.550,27.481,-0.402,1.542,2.621,-0.040,300.000,100.000,0.000,42,4
732,10.581,27.533,-0.403,1.544,2.620,-0.040,300.000,100.000,0.000,42,4
733,10.612,27.586,-0.403,1.545,2.620,-0.040,300.000,100.000,0.000,42,4
734,10.643,27.638,-0.404,1.547,2.619,-0.040,300.000,100.000,0.000,42,4
735,10.674,27.691,-0.405,1.548,2.618,-0.040,300.000,100.000,0.000,42,4
736,10.705,27.743,-0.406,1.550,2.618,-0.040,300.000,100.000,0.000,42,4
737,10.736,27.795,-0.407,1.552,2.617,-0.040,300.000,100.000,0.000,42,4
738,10.767,27.848,-0.407,1.553,2.616,-0.040,300.000,100.000,0.000,42,4
739,10.798,27.900,-0.408,1.555,2.615,-0.040,300.000,100.000,0.000,42,4
740,10.829,27.952,-0.409,1.557,2.615,-0.040,300.000,100.000,0.000,42,4
741,10.860,28.004,-0.410,1.558,2.614,-0.040,300.000,100.000,0.000,42,4
742,10.891,28.057,-0.411,1.560,2.613,-0.040,300.000,100.000,0.000,42,4
743,10.923,28.109,-0.411,1.562,2.613,-0.040,300.000,100.000,0.000,42,4
744,10.954,28.161,-0.412,1.563,2.612,-0.040,300.000,100.000,0.000,42,4
745,10.985,28.214,-0.413,1.565,2.611,-0.040,300.000,100.000,0.000,42,4
746,11.016,28.266,-0.414,1.571,2.621,-0.041,300.000,100.000,0.000,43,29
747,11.048,28.318,-0.415,1.577,2.630,-0.041,300.000,100.000,0.000,43,29
748,11.079,28.371,-0.416,1.583,2.640,-0.041,300.000,100.000,0.000,43,29
749,11.111,28.424,-0.416,1.590,2.649,-0.041,300.000,100.000,0.000,43,29
750,11.143,28.477,-0.417,1.596,2.659,-0.041,300.000,100.000,0.000,43,29
751,11.175,28.530,-0.418,1.597,2.658,-0.041,300.000,100.000,0.000,44,4
752,11.207,28.583,-0.419,1.599,2.657,-0.041,300.000,100.000,0.000,44,4
753,11.239,28.636,-0.420,1.601,2.657,-0.041,300.000,100.000,0.000,44,4
754,11.271,28.689,-0.420,1.602,2.656,-0.041,300.000,100.000,0.000,44,4
755,11.303,28.742,-0.421,1.604,2.655,-0.041,300.000,100.000,0.000,44,4
756,11.335,28.795,-0.422,1.606,2.655,-0.041,300.000,100.000,0.000,44,4
757,11.367,28.848,-0.423,1.607,2.654,-0.041,300.000,100.000,0.000,44,4
758,11.399,28.902,-0.424,1.609,2.653,-0.041,300.000,100.000,0.000,44,4
759,11.431,28.955,-0.425,1.611,2.652,-0.041,300.000,100.000,0.000,44,4
760,11.464,29.008,-0.425,1.612,2.652,-0.041,300.000,100.000,0.000,44,4
761,11.496,29.061,-0.426,1.614,2.651,-0.041,300.000,100.000,0.000,44,4
762,11.528,29.114,-0.427,1.616,2.650,-0.041,300.000,100.000,0.000,44,4
763,11.560,29.167,-0.428,1.617,2.649,-0.041,300.000,100.000,0.000,44,4
764,11.593,29.220,-0.429,1.619,2.649,-0.041,300.000,100.000,0.000,44,4
765,11.625,29.273,-0.430,1.620,2.648,-0.041,300.000,100.000,0.000,44,4
766,11.657,29.326,-0.430,1.627,2.657,-0.041,300.000,100.000,0.000,45,29
767,11.690,29.379,-0.431,1.633,2.667,-0.042,300.000,100.000,0.000,45,29
768,11.723,29.432,-0.432,1.639,2.676,-0.042,300.000,100.000,0.000,45,29
769,11.755,29.486,-0.433,1.646,2.686,-0.042,300.000,100.000,0.000,45,29
770,11.788,29.539,-0.434,1.652,2.695,-0.042,300.000,100.000,0.000,45,29
771,11.821,29.593,-0.435,1.654,2.694,-0.042,300.000,100.000,0.000,46,4
772,11.855,29.647,-0.435,1.655,2.694,-0.042,300.000,100.000,0.000,46,4
773,11.888,29.701,-0.436,1.657,2.693,-0.042,300.000,100.000,0.000,46,4
774,11.921,29.755,-0.437,1.659,2.692,-0.042,300.000,100.000,0.000,46,4
775,11.954,29.809,-0.438,1.660,2.691,-0.042,300.000,100.000,0.000,46,4
776,11.987,29.863,-0.439,1.662,2.691,-0.042,300.000,100.000,0.000,46,4
777,12.020,29.916,-0.440,1.663,2.690,-0.042,300.000,100.000,0.000,46,4
778,12.054,29.970,-0.440,1.665,2.689,-0.042,300.000,100.000,0.000,46,4
779,12.087,30.024,-0.441,1.667,2.688,-0.042,300.000,100.000,0.000,46,4
780,12.120,30.078,-0.442,1.668,2.687,-0.042,300.000,100.000,0.000,46,4
781,12.154,30.131,-0.443,1.670,2.687,-0.042,300.000,100.000,0.000,46,4
782,12.187,30.185,-0.444,1.672,2.686,-0.042,300.000,100.000,0.000,46,4
783,12.220,30.239,-0.445,1.673,2.685,-0.042,300.000,100.000,0.000,46,4
784,12.254,30.293,-0.445,1.675,2.684,-0.042,300.000,100.000,0.000,46,4
785,12.287,30.346,-0.446,1.676,2.684,-0.042,300.000,100.000,0.000,46,4
786,12.321,30.400,-0.447,1.678,2.683,-0.042,300.000,100.000,0.000,46,4
787,12.355,30.454,-0.448,1.680,2.682,-0.042,300.000,100.000,0.000,46,4
788,12.388,30.507,-0.449,1.681,2.681,-0.042,300.000,100.000,0.000,46,4
789,12.422,30.561,-0.450,1.683,2.681,-0.042,300.000,100.000,0.000,46,4
790,12.455,30.614,-0.451,1.685,2.680,-0.042,300.000,100.000,0.000,46,4
791,12.489,30.668,-0.451,1.691,2.689,-0.042,300.000,100.000,0.000,47,29
792,12.523,30.722,-0.452,1.698,2.698,-0.042,300.000,100.000,0.000,47,29
793,12.557,30.776,-0.453,1.704,2.708,-0.042,300.000,100.000,0.000,47,29
794,12.591,30.830,-0.454,1.711,2.717,-0.043,300.000,100.000,0.000,47,29
795,12.625,30.884,-0.455,1.717,2.726,-0.043,300.000,100.000,0.000,47,29
796,12.660,30.939,-0.456,1.719,2.726,-0.043,300.000,100.000,0.000,48,4
797,12.694,30.993,-0.456,1.720,2.725,-0.043,300.000,100.000,0.000,48,4
798,12.728,31.048,-0.457,1.722,2.724,-0.043,300.000,100.000,0.000,48,4
799,12.763,31.102,-0.458,1.724,2.723,-0.043,300.000,100.000,0.000,48,4
800,12.797,31.157,-0.459,1.725,2.722,-0.043,300.000,100.000,0.000,48,4
801,12.832,31.211,-0.460,1.727,2.722,-0.043,300.000,100.000,0.000,48,4
802,12.866,31.266,-0.461,1.728,2.721,-0.043,300.000,100.000,0.000,48,4
803,12.901,31.320,-0.462,1.730,2.720,-0.043,300.000,100.000,0.000,48,4
804,12.935,31.374,-0.462,1.732,2.719,-0.043,300.000,100.000,0.000,48,4
805,12.970,31.429,-0.463,1.733,2.718,-0.043,300.000,100.000,0.000,48,4
806,13.005,31.483,-0.464,1.735,2.718,-0.043,300.000,100.000,0.000,48,4
807,13.039,31.538,-0.465,1.737,2.717,-0.043,300.000,100.000,0.000,48,4
808,13.074,31.592,-0.466,1.738,2.716,-0.043,300.000,100.000,0.000,48,4
809,13.109,31.646,-0.467,1.740,2.715,-0.043,300.000,100.000,0.000,48,4
810,13.144,31.701,-0.468,1.741,2.714,-0.043,300.000,100.000,0.000,48,4
811,13.179,31.755,-0.468,1.743,2.714,-0.043,300.000,100.000,0.000,48,4
812,13.213,31.809,-0.469,1.745,2.713,-0.043,300.000,100.000,0.000,48,4
813,13.248,31.863,-0.470,1.746,2.712,-0.043,300.000,100.000,0.000,48,4
814,13.283,31.918,-0.471,1.748,2.711,-0.043,300.000,100.000,0.000,48,4
815,13.318,31.972,-0.472,1.749,2.710,-0.043,300.000,100.000,0.000,48,4
816,13.353,32.026,-0.473,1.756,2.719,-0.043,300.000,100.000,0.000,49,29
817,13.388,32.080,-0.474,1.763,2.729,-0.043,300.000,100.000,0.000,49,29
818,13.424,32.135,-0.474,1.769,2.738,-0.043,300.000,100.000,0.000,49,29
819,13.459,32.190,-0.475,1.776,2.747,-0.043,300.000,100.000,0.000,49,29
820,13.494,32.245,-0.476,1.783,2.756,-0.044,300.000,100.000,0.000,49,29
821,13.530,32.300,-0.477,1.785,2.755,-0.044,300.000,100.000,0.000,50,4
822,13.566,32.355,-0.478,1.786,2.755,-0.044,300.000,100.000,0.000,50,4
823,13.602,32.410,-0.479,1.788,2.754,-0.044,300.000,100.000,0.000,50,4
824,13.637,32.465,-0.480,1.789,2.753,-0.044,300.000,100.000,0.000,50,4
825,13.673,32.520,-0.481,1.791,2.752,-0.044,300.000,100.000,0.000,50,4
826,13.709,32.575,-0.481,1.793,2.751,-0.044,300.000,100.000,0.000,50,4
827,13.745,32.630,-0.482,1.794,2.750,-0.044,300.000,100.000,0.000,50,4
828,13.781,32.685,-0.483,1.796,2.750,-0.044,300.000,100.000,0.000,50,4
829,13.817,32.740,-0.484,1.797,2.749,-0.044,300.000,100.000,0.000,50,4
830,13.852,32.795,-0.485,1.799,2.748,-0.044,300.000,100.000,0.000,50,4
831,13.888,32.850,-0.486,1.800,2.747,-0.044,300.000,100.000,0.000,50,4
832,13.924,32.905,-0.487,1.802,2.746,-0.044,300.000,100.000,0.000,50,4
833,13.960,32.960,-0.488,1.804,2.745,-0.044,300.000,100.000,0.000,50,4
834,13.997,33.015,-0.488,1.805,2.744,-0.044,300.000,100.000,0.000,50,4
835,14.033,33.070,-0.489,1.807,2.744,-0.044,300.000,100.000,0.000,50,4
836,14.069,33.125,-0.490,1.814,2.753,-0.044,300.000,100.000,0.000,51,29
837,14.105,33.180,-0.491,1.821,2.762,-0.044,300.000,100.000,0.000,51,29
838,14.141,33.235,-0.492,1.827,2.771,-0.044,300.000,100.000,0.000,51,29
839,14.178,33.290,-0.493,1.834,2.780,-0.044,300.000,100.000,0.000,51,29
840,14.215,33.346,-0.494,1.841,2.789,-0.044,300.000,100.000,0.000,51,29
841,14.252,33.402,-0.495,1.843,2.788,-0.044,300.000,100.000,0.000,52,4
842,14.288,33.457,-0.495,1.844,2.787,-0.044,300.000,100.000,0.000,52,4
843,14.325,33.513,-0.496,1.846,2.786,-0.044,300.000,100.000,0.000,52,4
844,14.362,33.569,-0.497,1.848,2.786,-0.044,300.000,100.000,0.000,52,4
845,14.399,33.625,-0.498,1.849,2.785,-0.044,300.000,100.000,0.000,52,4
846,14.436,33.680,-0.499,1.851,2.784,-0.044,300.000,100.000,0.000,52,4
847,14.473,33.736,-0.500,1.852,2.783,-0.044,300.000,100.000,0.000,52,4
848,14.510,33.792,-0.501,1.854,2.782,-0.044,300.000,100.000,0.000,52,4
849,14.547,33.847,-0.502,1.855,2.781,-0.044,300.000,100.000,0.000,52,4
850,14.584,33.903,-0.503,1.857,2.780,-0.044,300.000,100.000,0.000,52,4
851,14.622,33.959,-0.503,1.859,2.780,-0.044,300.000,100.000,0.000,52,4
852,14.659,34.014,-0.504,1.860,2.779,-0.044,300.000,100.000,0.000,52,4
853,14.696,34.070,-0.505,1.862,2.778,-0.044,300.000,100.000,0.000,52,4
854,14.733,34.125,-0.506,1.863,2.777,-0.044,300.000,100.000,0.000,52,4
855,14.770,34.181,-0.507,1.865,2.776,-0.044,300.000,100.000,0.000,52,4
856,14.808,34.236,-0.508,1.866,2.775,-0.044,300.000,100.000,0.000,52,4
857,14.845,34.292,-0.509,1.868,2.774,-0.044,300.000,100.000,0.000,52,4
858,14.882,34.347,-0.510,1.870,2.773,-0.044,300.000,100.000,0.000,52,4
859,14.920,34.403,-0.511,1.871,2.773,-0.044,300.000,100.000,0.000,52,4
860,14.957,34.458,-0.511,1.873,2.772,-0.044,300.000,100.000,0.000,52,4
861,14.995,34.514,-0.512,1.880,2.781,-0.045,300.000,100.000,0.000,53,29
862,15.032,34.569,-0.513,1.887,2.789,-0.045,300.000,100.000,0.000,53,29
863,15.070,34.625,-0.514,1.894,2.798,-0.045,300.000,100.000,0.000,53,29
864,15.108,34.681,-0.515,1.901,2.807,-0.045,300.000,100.000,0.000,53,29
865,15.146,34.737,-0.516,1.908,2.816,-0.045,300.000,100.000,0.000,53,29
866,15.184,34.794,-0.517,1.910,2.815,-0.045,300.000,100.000,0.000,54,4
867,15.222,34.850,-0.518,1.911,2.814,-0.045,300.000,100.000,0.000,54,4
868,15.260,34.906,-0.519,1.913,2.814,-0.045,300.000,100.000,0.000,54,4
869,15.299,34.962,-0.519,1.914,2.813,-0.045,300.000,100.000,0.000,54,4
870,15.337,35.019,-0.520,1.916,2.812,-0.045,300.000,100.000,0.000,54,4
871,15.375,35.075,-0.521,1.918,2.811,-0.045,300.000,100.000,0.000,54,4
872,15.414,35.131,-0.522,1.919,2.810,-0.045,300.000,100.000,0.000,54,4
873,15.452,35.187,-0.523,1.921,2.809,-0.045,300.000,100.000,0.000,54,4
874,15.491,35.243,-0.524,1.922,2.808,-0.045,300.000,100.000,0.000,54,4
875,15.529,35.300,-0.525,1.924,2.807,-0.045,300.000,100.000,0.000,54,4
876,15.567,35.356,-0.526,1.925,2.806,-0.045,300.000,100.000,0.000,54,4
877,15.606,35.412,-0.527,1.927,2.805,-0.045,300.000,100.000,0.000,54,4
878,15.644,35.468,-0.528,1.928,2.805,-0.045,300.000,100.000,0.000,54,4
879,15.683,35.524,-0.529,1.930,2.804,-0.045,300.000,100.000,0.000,54,4
880,15.722,35.580,-0.529,1.932,2.803,-0.045,300.000,100.000,0.000,54,4
881,15.760,35.636,-0.530,1.933,2.802,-0.045,300.000,100.000,0.000,54,4
882,15.799,35.692,-0.531,1.935,2.801,-0.045,300.000,100.000,0.000,54,4
883,15.838,35.748,-0.532,1.936,2.800,-0.045,300.000,100.000,0.000,54,4
884,15.876,35.804,-0.533,1.938,2.799,-0.045,300.000,100.000,0.000,54,4
885,15.915,35.860,-0.534,1.939,2.798,-0.045,300.000,100.000,0.000,54,4
886,15.954,35.916,-0.535,1.947,2.807,-0.045,300.000,100.000,0.000,55,29
887,15.993,35.972,-0.536,1.954,2.816,-0.046,300.000,100.000,0.000,55,29
888,16.032,36.029,-0.537,1.961,2.824,-0.046,300.000,100.000,0.000,55,29
889,16.071,36.085,-0.538,1.968,2.833,-0.046,300.000,100.000,0.000,55,29
890,16.110,36.142,-0.539,1.976,2.842,-0.046,300.000,100.000,0.000,55,29
891,16.150,36.199,-0.539,1.977,2.841,-0.046,300.000,100.000,0.000,56,4
892,16.190,36.256,-0.540,1.979,2.840,-0.046,300.000,100.000,0.000,56,4
893,16.229,36.312,-0.541,1.980,2.839,-0.046,300.000,100.000,0.000,56,4
894,16.269,36.369,-0.542,1.982,2.838,-0.046,300.000,100.000,0.000,56,4
895,16.308,36.426,-0.543,1.983,2.837,-0.046,300.000,100.000,0.000,56,4
896,16.348,36.483,-0.544,1.985,2.836,-0.046,300.000,100.000,0.000,56,4
897,16.388,36.539,-0.545,1.986,2.835,-0.046,300.000,100.000,0.000,56,4
898,16.427,36.596,-0.546,1.988,2.834,-0.046,300.000,100.000,0.000,56,4
899,16.467,36.653,-0.547,1.990,2.834,-0.046,300.000,100.000,0.000,56,4
900,16.507,36.709,-0.548,1.991,2.833,-0.046,300.000,100.000,0.000,56,4
901,16.547,36.766,-0.549,1.993,2.832,-0.046,300.000,100.000,0.000,56,4
902,16.587,36.823,-0.550,1.994,2.831,-0.046,300.000,100.000,0.000,56,4
903,16.627,36.879,-0.550,1.996,2.830,-0.046,300.000,100.000,0.000,56,4
904,16.666,36.936,-0.551,1.997,2.829,-0.046,300.000,100.000,0.000,56,4
905,16.706,36.992,-0.552,1.999,2.828,-0.046,300.000,100.000,0.000,56,4
906,16.746,37.049,-0.553,2.006,2.837,-0.046,300.000,100.000,0.000,57,29
907,16.787,37.106,-0.554,2.014,2.845,-0.046,300.000,100.000,0.000,57,29
908,16.827,37.163,-0.555,2.021,2.854,-0.046,300.000,100.000,0.000,57,29
909,16.867,37.220,-0.556,2.028,2.862,-0.047,300.000,100.000,0.000,57,29
910,16.908,37.277,-0.557,2.036,2.871,-0.047,300.000,100.000,0.000,57,29
911,16.948,37.334,-0.558,2.037,2.870,-0.047,300.000,100.000,0.000,58,4
912,16.989,37.392,-0.559,2.039,2.869,-0.047,300.000,100.000,0.000,58,4
913,17.030,37.449,-0.560,2.040,2.868,-0.047,300.000,100.000,0.000,58,4
914,17.071,37.507,-0.561,2.042,2.867,-0.047,300.000,100.000,0.000,58,4
915,17.112,37.564,-0.562,2.044,2.866,-0.047,300.000,100.000,0.000,58,4
916,17.153,37.621,-0.563,2.045,2.865,-0.047,300.000,100.000,0.000,58,4
917,17.193,37.679,-0.563,2.047,2.864,-0.047,300.000,100.000,0.000,58,4
918,17.234,37.736,-0.564,2.048,2.863,-0.047,300.000,100.000,0.000,58,4
919,17.275,37.793,-0.565,2.050,2.862,-0.047,300.000,100.000,0.000,58,4
920,17.316,37.850,-0.566,2.051,2.861,-0.047,300.000,100.000,0.000,58,4
921,17.357,37.908,-0.567,2.053,2.860,-0.047,300.000,100.000,0.000,58,4
922,17.398,37.965,-0.568,2.054,2.859,-0.047,300.000,100.000,0.000,58,4
923,17.439,38.022,-0.569,2.056,2.858,-0.047,300.000,100.000,0.000,58,4
924,17.481,38.079,-0.570,2.057,2.857,-0.047,300.000,100.000,0.000,58,4
925,17.522,38.136,-0.571,2.059,2.857,-0.047,300.000,100.000,0.000,58,4
926,17.563,38.193,-0.572,2.066,2.865,-0.047,300.000,100.000,0.000,59,29
927,17.604,38.251,-0.573,2.074,2.873,-0.047,300.000,100.000,0.000,59,29
928,17.646,38.308,-0.574,2.081,2.882,-0.047,300.000,100.000,0.000,59,29
929,17.687,38.366,-0.575,2.089,2.890,-0.047,300.000,100.000,0.000,59,29
930,17.729,38.424,-0.576,2.097,2.899,-0.048,300.000,100.000,0.000,59,29
931,17.771,38.482,-0.577,2.098,2.898,-0.048,300.000,100.000,0.000,60,4
932,17.813,38.540,-0.578,2.100,2.897,-0.048,300.000,100.000,0.000,60,4
933,17.855,38.597,-0.579,2.101,2.896,-0.048,300.000,100.000,0.000,60,4
934,17.897,38.655,-0.579,2.103,2.895,-0.048,300.000,100.000,0.000,60,4
935,17.939,38.713,-0.580,2.104,2.894,-0.048,300.000,100.000,0.000,60,4
936,17.981,38.771,-0.581,2.106,2.893,-0.048,300.000,100.000,0.000,60,4
937,18.023,38.829,-0.582,2.107,2.892,-0.048,300.000,100.000,0.000,60,4
938,18.065,38.887,-0.583,2.109,2.891,-0.048,300.000,100.000,0.000,60,4
939,18.108,38.945,-0.584,2.110,2.890,-0.048,300.000,100.000,0.000,60,4
940,18.150,39.002,-0.585,2.112,2.889,-0.048,300.000,100.000,0.000,60,4
941,18.192,39.060,-0.586,2.113,2.888,-0.048,300.000,100.000,0.000,60,4
942,18.234,39.118,-0.587,2.115,2.887,-0.048,300.000,100.000,0.000,60,4
943,18.277,39.176,-0.588,2.116,2.886,-0.048,300.000,100.000,0.000,60,4
944,18.319,39.233,-0.589,2.118,2.885,-0.048,300.000,100.000,0.000,60,4
945,18.361,39.291,-0.590,2.119,2.884,-0.048,300.000,100.000,0.000,60,4
946,18.404,39.349,-0.591,2.121,2.883,-0.048,300.000,100.000,0.000,60,4
947,18.446,39.407,-0.592,2.122,2.882,-0.048,300.000,100.000,0.000,60,4
948,18.489,39.464,-0.593,2.124,2.881,-0.048,300.000,100.000,0.000,60,4
949,18.531,39.522,-0.594,2.125,2.880,-0.048,300.000,100.000,0.000,60,4
950,18.574,39.579,-0.595,2.127,2.879,-0.048,300.000,100.000,0.000,60,4
951,18.616,39.637,-0.596,2.134,2.887,-0.048,300.000,100.000,0.000,61,29
952,18.659,39.695,-0.597,2.142,2.896,-0.048,300.000,100.000,0.000,61,29
953,18.702,39.753,-0.598,2.150,2.904,-0.048,300.000,100.000,0.000,61,29
954,18.745,39.811,-0.599,2.158,2.912,-0.048,300.000,100.000,0.000,61,29
955,18.788,39.869,-0.599,2.166,2.920,-0.048,300.000,100.000,0.000,61,29
956,18.831,39.927,-0.600,2.167,2.919,-0.048,300.000,100.000,0.000,62,4
957,18.874,39.986,-0.601,2.169,2.918,-0.048,300.000,100.000,0.000,62,4
958,18.918,40.044,-0.602,2.170,2.917,-0.048,300.000,100.000,0.000,62,4
959,18.961,40.102,-0.603,2.172,2.916,-0.048,300.000,100.000,0.000,62,4
960,19.005,40.161,-0.604,2.173,2.915,-0.048,300.000,100.000,0.000,62,4
961,19.048,40.219,-0.605,2.175,2.914,-0.048,300.000,100.000,0.000,62,4
962,19.092,40.277,-0.606,2.176,2.913,-0.048,300.000,100.000,0.000,62,4
963,19.135,40.336,-0.607,2.178,2.912,-0.048,300.000,100.000,0.000,62,4
964,19.179,40.394,-0.608,2.179,2.911,-0.048,300.000,100.000,0.000,62,4
965,19.222,40.452,-0.609,2.180,2.910,-0.048,300.000,100.000,0.000,62,4
966,19.266,40.510,-0.610,2.182,2.909,-0.048,300.000,100.000,0.000,62,4
967,19.309,40.569,-0.611,2.183,2.908,-0.048,300.000,100.000,0.000,62,4
968,19.353,40.627,-0.612,2.185,2.907,-0.048,300.000,100.000,0.000,62,4
969,19.397,40.685,-0.613,2.186,2.906,-0.048,300.000,100.000,0.000,62,4
970,19.441,40.743,-0.614,2.188,2.905,-0.048,300.000,100.000,0.000,62,4
971,19.484,40.801,-0.615,2.196,2.913,-0.049,300.000,100.000,0.000,63,29
972,19.528,40.859,-0.616,2.204,2.921,-0.049,300.000,100.000,0.000,63,29
973,19.572,40.918,-0.617,2.212,2.929,-0.049,300.000,100.000,0.000,63,29
974,19.617,40.976,-0.618,2.220,2.938,-0.049,300.000,100.000,0.000,63,29
975,19.661,41.035,-0.619,2.228,2.946,-0.049,300.000,100.000,0.000,63,29
976,19.705,41.094,-0.620,2.229,2.945,-0.049,300.000,100.000,0.000,64,4
977,19.750,41.153,-0.621,2.231,2.944,-0.049,300.000,100.000,0.000,64,4
978,19.795,41.212,-0.622,2.232,2.943,-0.049,300.000,100.000,0.000,64,4
979,19.839,41.271,-0.623,2.233,2.942,-0.049,300.000,100.000,0.000,64,4
980,19.884,41.329,-0.624,2.235,2.940,-0.049,300.000,100.000,0.000,64,4
981,19.929,41.388,-0.625,2.236,2.939,-0.049,300.000,100.000,0.000,64,4
982,19.973,41.447,-0.626,2.238,2.938,-0.049,300.000,100.000,0.000,64,4
983,20.018,41.506,-0.627,2.239,2.937,-0.049,300.000,100.000,0.000,64,4
984,20.063,41.565,-0.628,2.241,2.936,-0.049,300.000,100.000,0.000,64,4
985,20.108,41.623,-0.629,2.242,2.935,-0.049,300.000,100.000,0.000,64,4
986,20.153,41.682,-0.630,2.244,2.934,-0.049,300.000,100.000,0.000,64,4
987,20.197,41.741,-0.631,2.245,2.933,-0.049,300.000,100.000,0.000,64,4
988,20.242,41.799,-0.632,2.247,2.932,-0.049,300.000,100.000,0.000,64,4
989,20.287,41.858,-0.633,2.248,2.931,-0.049,300.000,100.000,0.000,64,4
990,20.332,41.917,-0.634,2.249,2.930,-0.049,300.000,100.000,0.000,64,4
991,20.377,41.975,-0.635,2.258,2.938,-0.049,300.000,100.000,0.000,65,29
992,20.422,42.034,-0.636,2.266,2.946,-0.049,300.000,100.000,0.000,65,29
993,20.468,42.093,-0.637,2.274,2.954,-0.050,300.000,100.000,0.000,65,29
994,20.513,42.152,-0.638,2.282,2.962,-0.050,300.000,100.000,0.000,65,29
995,20.559,42.211,-0.639,2.290,2.970,-0.050,300.000,100.000,0.000,65,29
996,20.605,42.271,-0.640,2.291,2.969,-0.050,300.000,100.000,0.000,66,4
997,20.650,42.330,-0.641,2.293,2.968,-0.050,300.000,100.000,0.000,66,4
998,20.696,42.389,-0.642,2.294,2.967,-0.050,300.000,100.000,0.000,66,4
999,20.742,42.449,-0.643,2.296,2.965,-0.050,300.000,100.000,0.000,66,4
1000,20.788,42.508,-0.644,2.297,2.964,-0.050,NaN,NaN,0.300,66,4
1001,20.834,42.567,-0.645,2.296,2.963,-0.049,NaN,NaN,0.300,67,30
1002,20.880,42.626,-0.646,2.294,2.961,-0.048,NaN,NaN,0.300,67,30
1003,20.926,42.686,-0.646,2.292,2.960,-0.048,NaN,NaN,0.300,67,30
1004,20.972,42.745,-0.647,2.290,2.958,-0.047,NaN,NaN,0.300,67,30
1005,21.017,42.804,-0.648,2.289,2.957,-0.046,NaN,NaN,0.300,67,30
1006,21.063,42.863,-0.649,2.287,2.955,-0.045,NaN,NaN,0.300,67,30
1007,21.109,42.922,-0.650,2.285,2.954,-0.044,NaN,NaN,0.300,67,30
1008,21.155,42.981,-0.651,2.284,2.952,-0.044,NaN,NaN,0.300,67,30
1009,21.200,43.040,-0.652,2.282,2.951,-0.043,NaN,NaN,0.300,67,30
1010,21.246,43.099,-0.653,2.280,2.949,-0.042,NaN,NaN,0.300,67,30
1011,21.292,43.158,-0.654,2.278,2.948,-0.041,NaN,NaN,0.300,67,30
1012,21.337,43.217,-0.654,2.277,2.946,-0.040,NaN,NaN,0.300,67,30
1013,21.383,43.276,-0.655,2.275,2.945,-0.040,NaN,NaN,0.300,67,30
1014,21.428,43.335,-0.656,2.273,2.943,-0.039,NaN,NaN,0.300,67,30
1015,21.474,43.394,-0.657,2.271,2.942,-0.038,NaN,NaN,0.300,67,30
1016,21.519,43.453,-0.658,2.270,2.940,-0.037,NaN,NaN,0.300,67,30
1017,21.564,43.512,-0.658,2.268,2.939,-0.037,NaN,NaN,0.300,67,30
1018,21.610,43.570,-0.659,2.266,2.937,-0.036,NaN,NaN,0.300,67,30
1019,21.655,43.629,-0.660,2.265,2.936,-0.035,NaN,NaN,0.300,67,30
1020,21.700,43.688,-0.661,2.263,2.934,-0.034,NaN,NaN,0.300,67,30
1021,21.746,43.747,-0.661,2.261,2.933,-0.033,NaN,NaN,0.300,67,30
1022,21.791,43.805,-0.662,2.259,2.931,-0.033,NaN,NaN,0.300,67,30
1023,21.836,43.864,-0.663,2.258,2.930,-0.032,NaN,NaN,0.300,67,30
1024,21.881,43.922,-0.663,2.256,2.928,-0.031,NaN,NaN,0.300,67,30
1025,21.926,43.981,-0.664,2.254,2.927,-0.030,NaN,NaN,0.300,67,30
1026,21.971,44.040,-0.664,2.252,2.925,-0.029,NaN,NaN,0.300,67,30
1027,22.017,44.098,-0.665,2.251,2.924,-0.029,NaN,NaN,0.300,67,30
1028,22.062,44.157,-0.666,2.249,2.922,-0.028,NaN,NaN,0.300,67,30
1029,22.107,44.215,-0.666,2.247,2.921,-0.027,NaN,NaN,0.300,67,30
1030,22.151,44.273,-0.667,2.245,2.919,-0.026,NaN,NaN,0.300,67,30
1031,22.196,44.332,-0.667,2.244,2.918,-0.026,NaN,NaN,0.300,67,30
1032,22.241,44.390,-0.668,2.242,2.916,-0.025,NaN,NaN,0.300,67,30
1033,22.286,44.448,-0.668,2.240,2.915,-0.024,NaN,NaN,0.300,67,30
1034,22.331,44.507,-0.669,2.238,2.913,-0.023,NaN,NaN,0.300,67,30
1035,22.376,44.565,-0.669,2.237,2.912,-0.022,NaN,NaN,0.300,67,30
1036,22.420,44.623,-0.670,2.235,2.910,-0.022,NaN,NaN,0.300,67,30
1037,22.465,44.681,-0.670,2.233,2.909,-0.021,NaN,NaN,0.300,67,30
1038,22.510,44.740,-0.670,2.231,2.907,-0.020,NaN,NaN,0.300,67,30
1039,22.554,44.798,-0.671,2.230,2.906,-0.019,NaN,NaN,0.300,67,30
1040,22.599,44.856,-0.671,2.228,2.904,-0.018,NaN,NaN,0.300,67,30
1041,22.644,44.914,-0.672,2.226,2.903,-0.018,NaN,NaN,0.300,67,30
1042,22.688,44.972,-0.672,2.224,2.901,-0.017,NaN,NaN,0.300,67,30
1043,22.733,45.030,-0.672,2.223,2.900,-0.016,NaN,NaN,0.300,67,30
1044,22.777,45.088,-0.673,2.221,2.898,-0.015,NaN,NaN,0.300,67,30
1045,22.821,45.146,-0.673,2.219,2.897,-0.014,NaN,NaN,0.300,67,30
1046,22.866,45.204,-0.673,2.217,2.896,-0.014,NaN,NaN,0.300,67,30
1047,22.910,45.262,-0.673,2.216,2.894,-0.013,NaN,NaN,0.300,67,30
1048,22.954,45.320,-0.674,2.214,2.893,-0.012,NaN,NaN,0.300,67,30
1049,22.999,45.378,-0.674,2.212,2.891,-0.011,NaN,NaN,0.300,67,30
1050,23.043,45.435,-0.674,2.210,2.890,-0.011,NaN,NaN,0.300,67,30
1051,23.087,45.493,-0.674,2.209,2.888,-0.010,NaN,NaN,0.300,67,30
1052,23.131,45.551,-0.675,2.207,2.887,-0.009,NaN,NaN,0.300,67,30
1053,23.176,45.609,-0.675,2.205,2.885,-0.008,NaN,NaN,0.300,67,30
1054,23.220,45.666,-0.675,2.203,2.884,-0.007,NaN,NaN,0.300,67,30
1055,23.264,45.724,-0.675,2.202,2.882,-0.007,NaN,NaN,0.300,67,30
1056,23.308,45.782,-0.675,2.200,2.881,-0.006,NaN,NaN,0.300,67,30
1057,23.352,45.839,-0.675,2.198,2.879,-0.005,NaN,NaN,0.300,67,30
1058,23.396,45.897,-0.675,2.196,2.878,-0.004,NaN,NaN,0.300,67,30
1059,23.440,45.955,-0.676,2.195,2.876,-0.003,NaN,NaN,0.300,67,30
1060,23.484,46.012,-0.676,2.193,2.875,-0.003,NaN,NaN,0.300,67,30
1061,23.527,46.070,-0.676,2.191,2.873,-0.002,NaN,NaN,0.300,67,30
1062,23.571,46.127,-0.676,2.189,2.872,-0.001,NaN,NaN,0.300,67,30
1063,23.615,46.184,-0.676,2.188,2.870,-0.000,NaN,NaN,0.300,67,30
1064,23.659,46.242,-0.676,2.186,2.869,0.000,NaN,NaN,0.300,67,30
1065,23.702,46.299,-0.676,2.184,2.868,0.001,NaN,NaN,0.300,67,30
1066,23.746,46.357,-0.676,2.182,2.866,0.002,NaN,NaN,0.300,67,30
1067,23.790,46.414,-0.676,2.181,2.865,0.003,NaN,NaN,0.300,67,30
1068,23.833,46.471,-0.676,2.179,2.863,0.004,NaN,NaN,0.300,67,30
1069,23.877,46.528,-0.675,2.177,2.862,0.004,NaN,NaN,0.300,67,30
1070,23.921,46.586,-0.675,2.175,2.860,0.005,NaN,NaN,0.300,67,30
1071,23.964,46.643,-0.675,2.174,2.859,0.006,NaN,NaN,0.300,67,30
1072,24.008,46.700,-0.675,2.172,2.857,0.007,NaN,NaN,0.300,67,30
1073,24.051,46.757,-0.675,2.170,2.856,0.008,NaN,NaN,0.300,67,30
1074,24.094,46.814,-0.675,2.168,2.854,0.008,NaN,NaN,0.300,67,30
1075,24.138,46.871,-0.675,2.167,2.853,0.009,NaN,NaN,0.300,67,30
1076,24.181,46.929,-0.675,2.165,2.851,0.010,NaN,NaN,0.300,67,30
1077,24.224,46.986,-0.674,2.163,2.850,0.011,NaN,NaN,0.300,67,30
1078,24.268,47.043,-0.674,2.161,2.848,0.012,NaN,NaN,0.300,67,30
1079,24.311,47.099,-0.674,2.160,2.847,0.012,NaN,NaN,0.300,67,30
1080,24.354,47.156,-0.674,2.158,2.845,0.013,NaN,NaN,0.300,67,30
1081,24.397,47.213,-0.673,2.156,2.844,0.014,NaN,NaN,0.300,67,30
1082,24.440,47.270,-0.673,2.154,2.842,0.015,NaN,NaN,0.300,67,30
1083,24.483,47.327,-0.673,2.153,2.841,0.015,NaN,NaN,0.300,67,30
1084,24.526,47.384,-0.673,2.151,2.840,0.016,NaN,NaN,0.300,67,30
1085,24.569,47.441,-0.672,2.149,2.838,0.017,NaN,NaN,0.300,67,30
1086,24.612,47.497,-0.672,2.147,2.837,0.018,NaN,NaN,0.300,67,30
1087,24.655,47.554,-0.671,2.146,2.835,0.019,NaN,NaN,0.300,67,30
1088,24.698,47.611,-0.671,2.144,2.834,0.019,NaN,NaN,0.300,67,30
1089,24.741,47.668,-0.671,2.142,2.832,0.020,NaN,NaN,0.300,67,30
1090,24.784,47.724,-0.670,2.140,2.831,0.021,NaN,NaN,0.300,67,30
1091,24.827,47.781,-0.670,2.139,2.829,0.022,NaN,NaN,0.300,67,30
1092,24.870,47.837,-0.669,2.137,2.828,0.023,NaN,NaN,0.300,67,30
1093,24.912,47.894,-0.669,2.135,2.826,0.023,NaN,NaN,0.300,67,30
1094,24.955,47.950,-0.669,2.133,2.825,0.024,NaN,NaN,0.300,67,30
1095,24.998,48.007,-0.668,2.132,2.823,0.025,NaN,NaN,0.300,67,30
1096,25.040,48.063,-0.668,2.130,2.822,0.026,NaN,NaN,0.300,67,30
1097,25.083,48.120,-0.667,2.128,2.820,0.026,NaN,NaN,0.300,67,30
1098,25.125,48.176,-0.667,2.126,2.819,0.027,NaN,NaN,0.300,67,30
1099,25.168,48.233,-0.666,2.125,2.817,0.028,NaN,NaN,0.300,67,30
1100,25.211,48.289,-0.665,2.123,2.816,0.029,NaN,NaN,0.300,67,30
1101,25.253,48.345,-0.665,2.121,2.814,0.030,NaN,NaN,0.300,67,30
1102,25.295,48.402,-0.664,2.119,2.813,0.030,NaN,NaN,0.300,67,30
1103,25.338,48.458,-0.664,2.118,2.811,0.031,NaN,NaN,0.300,67,30
1104,25.380,48.514,-0.663,2.116,2.810,0.032,NaN,NaN,0.300,67,30
1105,25.422,48.570,-0.662,2.114,2.808,0.033,NaN,NaN,0.300,67,30
1106,25.465,48.626,-0.662,2.112,2.807,0.034,NaN,NaN,0.300,67,30
1107,25.507,48.683,-0.661,2.111,2.805,0.034,NaN,NaN,0.300,67,30
1108,25.549,48.739,-0.660,2.109,2.804,0.035,NaN,NaN,0.300,67,30
1109,25.591,48.795,-0.660,2.107,2.802,0.036,NaN,NaN,0.300,67,30
1110,25.634,48.851,-0.659,2.106,2.801,0.037,NaN,NaN,0.300,67,30
1111,25.676,48.907,-0.658,2.104,2.799,0.038,NaN,NaN,0.300,67,30
1112,25.718,48.963,-0.657,2.102,2.798,0.038,NaN,NaN,0.300,67,30
1113,25.760,49.019,-0.657,2.100,2.796,0.039,NaN,NaN,0.300,67,30
1114,25.802,49.075,-0.656,2.099,2.795,0.040,NaN,NaN,0.300,67,30
1115,25.844,49.131,-0.655,2.097,2.793,0.041,NaN,NaN,0.300,67,30
1116,25.886,49.186,-0.654,2.095,2.792,0.041,NaN,NaN,0.300,67,30
1117,25.928,49.242,-0.653,2.093,2.790,0.042,NaN,NaN,0.300,67,30
1118,25.969,49.298,-0.653,2.092,2.789,0.043,NaN,NaN,0.300,67,30
1119,26.011,49.354,-0.652,2.090,2.787,0.044,NaN,NaN,0.300,67,30
1120,26.053,49.410,-0.651,2.088,2.786,0.045,NaN,NaN,0.300,67,30
1121,26.095,49.465,-0.650,2.087,2.784,0.045,NaN,NaN,0.300,67,30
1122,26.137,49.521,-0.649,2.085,2.783,0.046,NaN,NaN,0.300,67,30
1123,26.178,49.577,-0.648,2.083,2.781,0.047,NaN,NaN,0.300,67,30
1124,26.220,49.632,-0.647,2.081,2.780,0.048,NaN,NaN,0.300,67,30
1125,26.262,49.688,-0.646,2.080,2.778,0.049,NaN,NaN,0.300,67,30
1126,26.303,49.743,-0.645,2.078,2.777,0.049,NaN,NaN,0.300,67,30
1127,26.345,49.799,-0.644,2.076,2.775,0.050,NaN,NaN,0.300,67,30
1128,26.386,49.855,-0.643,2.075,2.774,0.051,NaN,NaN,0.300,67,30
1129,26.428,49.910,-0.642,2.073,2.772,0.052,NaN,NaN,0.300,67,30
1130,26.469,49.965,-0.641,2.071,2.771,0.053,NaN,NaN,0.300,67,30
1131,26.511,50.021,-0.640,2.069,2.769,0.053,NaN,NaN,0.300,67,30
1132,26.552,50.076,-0.639,2.068,2.767,0.054,NaN,NaN,0.300,67,30
1133,26.593,50.132,-0.638,2.066,2.766,0.055,NaN,NaN,0.300,67,30
1134,26.635,50.187,-0.637,2.064,2.764,0.056,NaN,NaN,0.300,67,30
1135,26.676,50.242,-0.636,2.063,2.763,0.056,NaN,NaN,0.300,67,30
1136,26.717,50.297,-0.635,2.061,2.761,0.057,NaN,NaN,0.300,67,30
1137,26.758,50.353,-0.634,2.059,2.760,0.058,NaN,NaN,0.300,67,30
1138,26.800,50.408,-0.632,2.058,2.758,0.059,NaN,NaN,0.300,67,30
1139,26.841,50.463,-0.631,2.056,2.757,0.060,NaN,NaN,0.300,67,30
1140,26.882,50.518,-0.630,2.054,2.755,0.060,NaN,NaN,0.300,67,30
1141,26.923,50.573,-0.629,2.052,2.754,0.061,NaN,NaN,0.300,67,30
1142,26.964,50.628,-0.628,2.051,2.752,0.062,NaN,NaN,0.300,67,30
1143,27.005,50.683,-0.626,2.049,2.751,0.063,NaN,NaN,0.300,67,30
1144,27.046,50.738,-0.625,2.047,2.749,0.064,NaN,NaN,0.300,67,30
1145,27.087,50.793,-0.624,2.046,2.747,0.064,NaN,NaN,0.300,67,30
1146,27.128,50.848,-0.623,2.044,2.746,0.065,NaN,NaN,0.300,67,30
1147,27.169,50.903,-0.621,2.042,2.744,0.066,NaN,NaN,0.300,67,30
1148,27.210,50.958,-0.620,2.041,2.743,0.067,NaN,NaN,0.300,67,30
1149,27.250,51.013,-0.619,2.039,2.741,0.067,NaN,NaN,0.300,67,30
1150,27.291,51.068,-0.617,2.037,2.740,0.068,NaN,NaN,0.300,67,30
1151,27.332,51.123,-0.616,2.036,2.738,0.069,NaN,NaN,0.300,67,30
1152,27.373,51.177,-0.615,2.034,2.736,0.070,NaN,NaN,0.300,67,30
1153,27.413,51.232,-0.613,2.032,2.735,0.071,NaN,NaN,0.300,67,30
1154,27.454,51.287,-0.612,2.031,2.733,0.071,NaN,NaN,0.300,67,30
1155,27.495,51.341,-0.610,2.029,2.732,0.072,NaN,NaN,0.300,67,30
1156,27.535,51.396,-0.609,2.027,2.730,0.073,NaN,NaN,0.300,67,30
1157,27.576,51.451,-0.607,2.026,2.729,0.074,NaN,NaN,0.300,67,30
1158,27.616,51.505,-0.606,2.024,2.727,0.075,NaN,NaN,0.300,67,30
1159,27.657,51.560,-0.604,2.022,2.725,0.075,NaN,NaN,0.300,67,30
1160,27.697,51.614,-0.603,2.021,2.724,0.076,NaN,NaN,0.300,67,30
1161,27.738,51.669,-0.601,2.019,2.722,0.077,NaN,NaN,0.300,67,30
1162,27.778,51.723,-0.600,2.018,2.721,0.078,NaN,NaN,0.300,67,30
1163,27.818,51.778,-0.598,2.016,2.719,0.079,NaN,NaN,0.300,67,30
1164,27.859,51.832,-0.597,2.014,2.717,0.079,NaN,NaN,0.300,67,30
1165,27.899,51.886,-0.595,2.013,2.716,0.080,NaN,NaN,0.300,67,30
1166,27.939,51.941,-0.594,2.011,2.714,0.081,NaN,NaN,0.300,67,30
1167,27.979,51.995,-0.592,2.009,2.713,0.082,NaN,NaN,0.300,67,30
1168,28.020,52.049,-0.590,2.008,2.711,0.082,NaN,NaN,0.300,67,30
1169,28.060,52.103,-0.589,2.006,2.709,0.083,NaN,NaN,0.300,67,30
1170,28.100,52.158,-0.587,2.005,2.708,0.084,NaN,NaN,0.300,67,30
1171,28.140,52.212,-0.585,2.003,2.706,0.085,NaN,NaN,0.300,67,30
1172,28.180,52.266,-0.584,2.001,2.704,0.086,NaN,NaN,0.300,67,30
1173,28.220,52.320,-0.582,2.000,2.703,0.086,NaN,NaN,0.300,67,30
1174,28.260,52.374,-0.580,1.998,2.701,0.087,NaN,NaN,0.300,67,30
1175,28.300,52.428,-0.578,1.996,2.700,0.088,NaN,NaN,0.300,67,30
1176,28.340,52.482,-0.577,1.995,2.698,0.089,NaN,NaN,0.300,67,30
1177,28.380,52.536,-0.575,1.993,2.696,0.090,NaN,NaN,0.300,67,30
1178,28.420,52.590,-0.573,1.992,2.695,0.090,NaN,NaN,0.300,67,30
1179,28.460,52.644,-0.571,1.990,2.693,0.091,NaN,NaN,0.300,67,30
1180,28.499,52.698,-0.569,1.988,2.691,0.092,NaN,NaN,0.300,67,30
1181,28.539,52.751,-0.568,1.987,2.690,0.093,NaN,NaN,0.300,67,30
1182,28.579,52.805,-0.566,1.985,2.688,0.093,NaN,NaN,0.300,67,30
1183,28.619,52.859,-0.564,1.984,2.686,0.094,NaN,NaN,0.300,67,30
1184,28.658,52.913,-0.562,1.982,2.685,0.095,NaN,NaN,0.300,67,30
1185,28.698,52.966,-0.560,1.981,2.683,0.096,NaN,NaN,0.300,67,30
1186,28.737,53.020,-0.558,1.979,2.681,0.097,NaN,NaN,0.300,67,30
1187,28.777,53.074,-0.556,1.977,2.680,0.097,NaN,NaN,0.300,67,30
1188,28.817,53.127,-0.554,1.976,2.678,0.098,NaN,NaN,0.300,67,30
1189,28.856,53.181,-0.552,1.974,2.676,0.099,NaN,NaN,0.300,67,30
1190,28.896,53.234,-0.550,1.973,2.675,0.100,NaN,NaN,0.300,67,30
1191,28.935,53.288,-0.548,1.971,2.673,0.101,NaN,NaN,0.300,67,30
1192,28.974,53.341,-0.546,1.970,2.671,0.101,NaN,NaN,0.300,67,30
1193,29.014,53.395,-0.544,1.968,2.670,0.102,NaN,NaN,0.300,67,30
1194,29.053,53.448,-0.542,1.966,2.668,0.103,NaN,NaN,0.300,67,30
1195,29.093,53.502,-0.540,1.965,2.666,0.104,NaN,NaN,0.300,67,30
1196,29.132,53.555,-0.538,1.963,2.665,0.105,NaN,NaN,0.300,67,30
1197,29.171,53.608,-0.536,1.962,2.663,0.105,NaN,NaN,0.300,67,30
1198,29.210,53.661,-0.534,1.960,2.661,0.106,NaN,NaN,0.300,67,30
1199,29.250,53.715,-0.532,1.959,2.659,0.107,NaN,NaN,0.300,67,30
1200,29.289,53.768,-0.530,1.957,2.658,0.108,NaN,NaN,0.300,67,30
1201,29.328,53.821,-0.528,1.956,2.656,0.108,NaN,NaN,0.300,67,30
1202,29.367,53.874,-0.525,1.954,2.654,0.109,NaN,NaN,0.300,67,30
1203,29.406,53.927,-0.523,1.953,2.653,0.110,NaN,NaN,0.300,67,30
1204,29.445,53.980,-0.521,1.951,2.651,0.111,NaN,NaN,0.300,67,30
1205,29.484,54.033,-0.519,1.950,2.649,0.112,NaN,NaN,0.300,67,30
1206,29.523,54.086,-0.517,1.948,2.647,0.112,NaN,NaN,0.300,67,30
1207,29.562,54.139,-0.514,1.947,2.646,0.113,NaN,NaN,0.300,67,30
1208,29.601,54.192,-0.512,1.945,2.644,0.114,NaN,NaN,0.300,67,30
1209,29.640,54.245,-0.510,1.944,2.642,0.115,NaN,NaN,0.300,67,30
1210,29.679,54.298,-0.507,1.942,2.640,0.116,NaN,NaN,0.300,67,30
1211,29.718,54.351,-0.505,1.941,2.639,0.116,NaN,NaN,0.300,67,30
1212,29.756,54.403,-0.503,1.939,2.637,0.117,NaN,NaN,0.300,67,30
1213,29.795,54.456,-0.500,1.938,2.635,0.118,NaN,NaN,0.300,67,30
1214,29.834,54.509,-0.498,1.936,2.633,0.119,NaN,NaN,0.300,67,30
1215,29.873,54.562,-0.496,1.935,2.632,0.119,NaN,NaN,0.300,67,30
1216,29.911,54.614,-0.493,1.933,2.630,0.120,NaN,NaN,0.300,67,30
1217,29.950,54.667,-0.491,1.932,2.628,0.121,NaN,NaN,0.300,67,30
1218,29.989,54.719,-0.489,1.930,2.626,0.122,NaN,NaN,0.300,67,30
1219,30.027,54.772,-0.486,1.929,2.625,0.123,NaN,NaN,0.300,67,30
1220,30.066,54.824,-0.484,1.928,2.623,0.123,NaN,NaN,0.300,67,30
1221,30.104,54.877,-0.481,1.926,2.621,0.124,NaN,NaN,0.300,67,30
1222,30.143,54.929,-0.479,1.925,2.619,0.125,NaN,NaN,0.300,67,30
1223,30.182,54.982,-0.476,1.923,2.618,0.126,NaN,NaN,0.300,67,30
1224,30.220,55.034,-0.474,1.922,2.616,0.127,NaN,NaN,0.300,67,30
1225,30.258,55.086,-0.471,1.920,2.614,0.127,NaN,NaN,0.300,67,30
1226,30.297,55.139,-0.469,1.919,2.612,0.128,NaN,NaN,0.300,67,30
1227,30.335,55.191,-0.466,1.918,2.610,0.129,NaN,NaN,0.300,67,30
1228,30.374,55.243,-0.463,1.916,2.609,0.130,NaN,NaN,0.300,67,30
1229,30.412,55.295,-0.461,1.915,2.607,0.131,NaN,NaN,0.300,67,30
1230,30.450,55.347,-0.458,1.913,2.605,0.131,NaN,NaN,0.300,67,30
1231,30.488,55.399,-0.456,1.912,2.603,0.132,NaN,NaN,0.300,67,30
1232,30.527,55.451,-0.453,1.911,2.601,0.133,NaN,NaN,0.300,67,30
1233,30.565,55.504,-0.450,1.909,2.599,0.134,NaN,NaN,0.300,67,30
1234,30.603,55.555,-0.448,1.908,2.598,0.134,NaN,NaN,0.300,67,30
1235,30.641,55.607,-0.445,1.906,2.596,0.135,NaN,NaN,0.300,67,30
1236,30.679,55.659,-0.442,1.905,2.594,0.136,NaN,NaN,0.300,67,30
1237,30.717,55.711,-0.440,1.904,2.592,0.137,NaN,NaN,0.300,67,30
1238,30.756,55.763,-0.437,1.902,2.590,0.138,NaN,NaN,0.300,67,30
1239,30.794,55.815,-0.434,1.901,2.588,0.138,NaN,NaN,0.300,67,30
1240,30.832,55.867,-0.431,1.900,2.587,0.139,NaN,NaN,0.300,67,30
1241,30.870,55.918,-0.428,1.898,2.585,0.140,NaN,NaN,0.300,67,30
1242,30.908,55.970,-0.426,1.897,2.583,0.141,NaN,NaN,0.300,67,30
1243,30.945,56.022,-0.423,1.896,2.581,0.142,NaN,NaN,0.300,67,30
1244,30.983,56.073,-0.420,1.894,2.579,0.142,NaN,NaN,0.300,67,30
1245,31.021,56.125,-0.417,1.893,2.577,0.143,NaN,NaN,0.300,67,30
1246,31.059,56.176,-0.414,1.892,2.575,0.144,NaN,NaN,0.300,67,30
1247,31.097,56.228,-0.411,1.890,2.574,0.145,NaN,NaN,0.300,67,30
1248,31.135,56.279,-0.409,1.889,2.572,0.145,NaN,NaN,0.300,67,30
1249,31.173,56.331,-0.406,1.888,2.570,0.146,NaN,NaN,0.300,67,30
1250,31.210,56.382,-0.403,1.886,2.568,0.147,NaN,NaN,0.300,67,30
1251,31.248,56.434,-0.400,1.885,2.566,0.148,NaN,NaN,0.300,67,30
1252,31.286,56.485,-0.397,1.884,2.564,0.149,NaN,NaN,0.300,67,30
1253,31.323,56.536,-0.394,1.882,2.562,0.149,NaN,NaN,0.300,67,30
1254,31.361,56.588,-0.391,1.881,2.560,0.150,NaN,NaN,0.300,67,30
1255,31.399,56.639,-0.388,1.880,2.558,0.151,NaN,NaN,0.300,67,30
1256,31.436,56.690,-0.385,1.879,2.556,0.152,NaN,NaN,0.300,67,30
1257,31.474,56.741,-0.382,1.877,2.555,0.153,NaN,NaN,0.300,67,30
1258,31.511,56.792,-0.379,1.876,2.553,0.153,NaN,NaN,0.300,67,30
1259,31.549,56.843,-0.376,1.875,2.551,0.154,NaN,NaN,0.300,67,30
1260,31.586,56.894,-0.373,1.874,2.549,0.155,NaN,NaN,0.300,67,30
1261,31.624,56.945,-0.369,1.872,2.547,0.156,NaN,NaN,0.300,67,30
1262,31.661,56.996,-0.366,1.871,2.545,0.157,NaN,NaN,0.300,67,30
1263,31.699,57.047,-0.363,1.870,2.543,0.157,NaN,NaN,0.300,67,30
1264,31.736,57.098,-0.360,1.869,2.541,0.158,NaN,NaN,0.300,67,30
1265,31.774,57.149,-0.357,1.868,2.539,0.159,NaN,NaN,0.300,67,30
1266,31.811,57.199,-0.354,1.866,2.537,0.160,NaN,NaN,0.300,67,30
1267,31.848,57.250,-0.351,1.865,2.535,0.160,NaN,NaN,0.300,67,30
1268,31.886,57.301,-0.347,1.864,2.533,0.161,NaN,NaN,0.300,67,30
1269,31.923,57.352,-0.344,1.863,2.531,0.162,NaN,NaN,0.300,67,30
1270,31.960,57.402,-0.341,1.862,2.529,0.163,NaN,NaN,0.300,67,30
1271,31.997,57.453,-0.338,1.860,2.527,0.164,NaN,NaN,0.300,67,30
1272,32.034,57.503,-0.334,1.859,2.525,0.164,NaN,NaN,0.300,67,30
1273,32.072,57.554,-0.331,1.858,2.523,0.165,NaN,NaN,0.300,67,30
1274,32.109,57.604,-0.328,1.857,2.521,0.166,NaN,NaN,0.300,67,30
1275,32.146,57.655,-0.324,1.856,2.519,0.167,NaN,NaN,0.300,67,30
1276,32.183,57.705,-0.321,1.855,2.517,0.168,NaN,NaN,0.300,67,30
1277,32.220,57.755,-0.318,1.853,2.516,0.168,NaN,NaN,0.300,67,30
1278,32.257,57.806,-0.314,1.852,2.514,0.169,NaN,NaN,0.300,67,30
1279,32.294,57.856,-0.311,1.851,2.512,0.170,NaN,NaN,0.300,67,30
1280,32.331,57.906,-0.308,1.850,2.510,0.171,NaN,NaN,0.300,67,30
1281,32.368,57.956,-0.304,1.849,2.508,0.171,NaN,NaN,0.300,67,30
1282,32.405,58.007,-0.301,1.848,2.506,0.172,NaN,NaN,0.300,67,30
1283,32.442,58.057,-0.297,1.847,2.503,0.173,NaN,NaN,0.300,67,30
1284,32.479,58.107,-0.294,1.846,2.501,0.174,NaN,NaN,0.300,67,30
1285,32.516,58.157,-0.290,1.845,2.499,0.175,NaN,NaN,0.300,67,30
1286,32.553,58.207,-0.287,1.844,2.497,0.175,NaN,NaN,0.300,67,30
1287,32.590,58.257,-0.283,1.843,2.495,0.176,NaN,NaN,0.300,67,30
1288,32.627,58.307,-0.280,1.841,2.493,0.177,NaN,NaN,0.300,67,30
1289,32.664,58.357,-0.276,1.840,2.491,0.178,NaN,NaN,0.300,67,30
1290,32.700,58.406,-0.273,1.839,2.489,0.179,NaN,NaN,0.300,67,30
1291,32.737,58.456,-0.269,1.838,2.487,0.179,NaN,NaN,0.300,67,30
1292,32.774,58.506,-0.266,1.837,2.485,0.180,NaN,NaN,0.300,67,30
1293,32.811,58.556,-0.262,1.836,2.483,0.181,NaN,NaN,0.300,67,30
1294,32.847,58.605,-0.258,1.835,2.481,0.182,NaN,NaN,0.300,67,30
1295,32.884,58.655,-0.255,1.834,2.479,0.183,NaN,NaN,0.300,67,30
1296,32.921,58.704,-0.251,1.833,2.477,0.183,NaN,NaN,0.300,67,30
1297,32.957,58.754,-0.247,1.832,2.475,0.184,NaN,NaN,0.300,67,30
1298,32.994,58.803,-0.244,1.831,2.473,0.185,NaN,NaN,0.300,67,30
1299,33.031,58.853,-0.240,1.830,2.471,0.186,NaN,NaN,0.300,67,30
1300,33.067,58.902,-0.236,1.829,2.469,0.186,NaN,NaN,0.300,67,30
1301,33.104,58.952,-0.233,1.828,2.467,0.187,NaN,NaN,0.300,67,30
1302,33.140,59.001,-0.229,1.827,2.465,0.188,NaN,NaN,0.300,67,30
1303,33.177,59.050,-0.225,1.826,2.462,0.189,NaN,NaN,0.300,67,30
1304,33.214,59.100,-0.221,1.826,2.460,0.190,NaN,NaN,0.300,67,30
1305,33.250,59.149,-0.218,1.825,2.458,0.190,NaN,NaN,0.300,67,30
1306,33.287,59.198,-0.214,1.825,2.458,0.190,NaN,NaN,0.300,68,0
1307,33.323,59.247,-0.210,1.825,2.458,0.190,NaN,NaN,0.300,68,0
1308,33.360,59.296,-0.206,1.825,2.458,0.190,NaN,NaN,0.300,68,0
1309,33.396,59.345,-0.202,1.825,2.458,0.190,NaN,NaN,0.300,68,0
1310,33.433,59.395,-0.198,1.825,2.458,0.190,NaN,NaN,0.300,68,0
1311,33.469,59.444,-0.195,1.825,2.458,0.190,NaN,NaN,0.300,68,0
1312,33.506,59.493,-0.191,1.825,2.458,0.190,NaN,NaN,0.300,68,0
1313,33.542,59.542,-0.187,1.825,2.458,0.190,NaN,NaN,0.300,68,0
1314,33.578,59.591,-0.183,1.825,2.458,0.190,NaN,NaN,0.300,68,0
1315,33.615,59.640,-0.179,1.825,2.458,0.190,NaN,NaN,0.300,68,0
1316,33.651,59.690,-0.176,1.825,2.458,0.190,NaN,NaN,0.300,68,0
1317,33.688,59.739,-0.172,1.825,2.458,0.190,NaN,NaN,0.300,68,0
1318,33.724,59.788,-0.168,1.825,2.458,0.190,NaN,NaN,0.300,68,0
1319,33.761,59.837,-0.164,1.825,2.458,0.190,NaN,NaN,0.300,68,0
1320,33.797,59.886,-0.160,1.825,2.458,0.190,NaN,NaN,0.300,68,0
1321,33.834,59.935,-0.157,1.825,2.458,0.190,NaN,NaN,0.300,68,0
1322,33.870,59.985,-0.153,1.825,2.458,0.190,NaN,NaN,0.300,68,0
1323,33.907,60.034,-0.149,1.825,2.458,0.190,NaN,NaN,0.300,68,0
1324,33.943,60.083,-0.145,1.825,2.458,0.190,NaN,NaN,0.300,68,0
1325,33.980,60.132,-0.141,1.825,2.458,0.190,NaN,NaN,0.300,68,0
1326,34.016,60.181,-0.138,1.825,2.458,0.190,NaN,NaN,0.300,68,0
1327,34.053,60.230,-0.134,1.825,2.458,0.190,NaN,NaN,0.300,68,0
1328,34.089,60.280,-0.130,1.825,2.458,0.190,NaN,NaN,0.300,68,0
1329,34.126,60.329,-0.126,1.825,2.458,0.190,NaN,NaN,0.300,68,0
1330,34.162,60.378,-0.122,1.825,2.458,0.190,NaN,NaN,0.300,68,0
1331,34.199,60.427,-0.119,1.825,2.458,0.190,NaN,NaN,0.300,68,0
1332,34.235,60.476,-0.115,1.825,2.458,0.190,NaN,NaN,0.300,68,0
1333,34.272,60.525,-0.111,1.825,2.458,0.190,NaN,NaN,0.300,68,0
1334,34.308,60.575,-0.107,1.825,2.458,0.190,NaN,NaN,0.300,68,0
1335,34.345,60.624,-0.103,1.825,2.458,0.190,NaN,NaN,0.300,68,0
1336,34.381,60.673,-0.099,1.824,2.461,0.190,NaN,NaN,0.300,69,30
1337,34.418,60.722,-0.096,1.824,2.463,0.189,NaN,NaN,0.300,69,30
1338,34.454,60.771,-0.092,1.824,2.465,0.188,NaN,NaN,0.300,69,30
1339,34.491,60.821,-0.088,1.824,2.467,0.187,NaN,NaN,0.300,69,30
1340,34.527,60.870,-0.084,1.823,2.470,0.186,NaN,NaN,0.300,69,30
1341,34.564,60.919,-0.081,1.823,2.472,0.186,NaN,NaN,0.300,69,30
1342,34.600,60.969,-0.077,1.823,2.474,0.185,NaN,NaN,0.300,69,30
1343,34.637,61.018,-0.073,1.823,2.476,0.184,NaN,NaN,0.300,69,30
1344,34.673,61.068,-0.070,1.822,2.479,0.183,NaN,NaN,0.300,69,30
1345,34.710,61.117,-0.066,1.822,2.481,0.183,NaN,NaN,0.300,69,30
1346,34.746,61.167,-0.062,1.822,2.483,0.182,NaN,NaN,0.300,69,30
1347,34.782,61.217,-0.059,1.821,2.486,0.181,NaN,NaN,0.300,69,30
1348,34.819,61.266,-0.055,1.821,2.488,0.180,NaN,NaN,0.300,69,30
1349,34.855,61.316,-0.051,1.821,2.490,0.179,NaN,NaN,0.300,69,30
1350,34.892,61.366,-0.048,1.820,2.492,0.179,NaN,NaN,0.300,69,30
1351,34.928,61.416,-0.044,1.820,2.495,0.178,NaN,NaN,0.300,69,30
1352,34.964,61.466,-0.041,1.820,2.497,0.177,NaN,NaN,0.300,69,30
1353,35.001,61.516,-0.037,1.819,2.499,0.176,NaN,NaN,0.300,69,30
1354,35.037,61.566,-0.034,1.819,2.501,0.175,NaN,NaN,0.300,69,30
1355,35.074,61.616,-0.030,1.819,2.504,0.175,NaN,NaN,0.300,69,30
1356,35.110,61.666,-0.027,1.818,2.506,0.174,NaN,NaN,0.300,69,30
1357,35.146,61.716,-0.023,1.818,2.508,0.173,NaN,NaN,0.300,69,30
1358,35.183,61.766,-0.020,1.817,2.510,0.172,NaN,NaN,0.300,69,30
1359,35.219,61.816,-0.016,1.817,2.513,0.171,NaN,NaN,0.300,69,30
1360,35.255,61.867,-0.013,1.817,2.515,0.171,NaN,NaN,0.300,69,30
1361,35.292,61.917,-0.009,1.816,2.517,0.170,NaN,NaN,0.300,69,30
1362,35.328,61.967,-0.006,1.816,2.519,0.169,NaN,NaN,0.300,69,30
1363,35.364,62.018,-0.003,1.815,2.522,0.168,NaN,NaN,0.300,69,30
1364,35.401,62.068,0.001,1.815,2.524,0.168,NaN,NaN,0.300,69,30
1365,35.437,62.118,0.004,1.814,2.526,0.167,NaN,NaN,0.300,69,30
1366,35.473,62.169,0.007,1.814,2.528,0.166,NaN,NaN,0.300,69,30
1367,35.510,62.220,0.011,1.814,2.531,0.165,NaN,NaN,0.300,69,30
1368,35.546,62.270,0.014,1.813,2.533,0.164,NaN,NaN,0.300,69,30
1369,35.582,62.321,0.017,1.813,2.535,0.164,NaN,NaN,0.300,69,30
1370,35.618,62.372,0.021,1.812,2.537,0.163,NaN,NaN,0.300,69,30
1371,35.655,62.422,0.024,1.812,2.540,0.162,NaN,NaN,0.300,69,30
1372,35.691,62.473,0.027,1.811,2.542,0.161,NaN,NaN,0.300,69,30
1373,35.727,62.524,0.030,1.811,2.544,0.160,NaN,NaN,0.300,69,30
1374,35.763,62.575,0.034,1.810,2.546,0.160,NaN,NaN,0.300,69,30
1375,35.799,62.626,0.037,1.810,2.549,0.159,NaN,NaN,0.300,69,30
1376,35.836,62.677,0.040,1.809,2.551,0.158,NaN,NaN,0.300,69,30
1377,35.872,62.728,0.043,1.809,2.553,0.157,NaN,NaN,0.300,69,30
1378,35.908,62.779,0.046,1.808,2.555,0.157,NaN,NaN,0.300,69,30
1379,35.944,62.830,0.049,1.807,2.558,0.156,NaN,NaN,0.300,69,30
1380,35.980,62.881,0.052,1.807,2.560,0.155,NaN,NaN,0.300,69,30
1381,36.016,62.932,0.056,1.806,2.562,0.154,NaN,NaN,0.300,69,30
1382,36.053,62.983,0.059,1.806,2.564,0.153,NaN,NaN,0.300,69,30
1383,36.089,63.035,0.062,1.805,2.566,0.153,NaN,NaN,0.300,69,30
1384,36.125,63.086,0.065,1.805,2.569,0.152,NaN,NaN,0.300,69,30
1385,36.161,63.137,0.068,1.804,2.571,0.151,NaN,NaN,0.300,69,30
1386,36.197,63.189,0.071,1.803,2.573,0.150,NaN,NaN,0.300,69,30
1387,36.233,63.240,0.074,1.803,2.575,0.149,NaN,NaN,0.300,69,30
1388,36.269,63.292,0.077,1.802,2.577,0.149,NaN,NaN,0.300,69,30
1389,36.305,63.343,0.080,1.802,2.580,0.148,NaN,NaN,0.300,69,30
1390,36.341,63.395,0.083,1.801,2.582,0.147,NaN,NaN,0.300,69,30
1391,36.377,63.447,0.086,1.800,2.584,0.146,NaN,NaN,0.300,69,30
1392,36.413,63.498,0.089,1.800,2.586,0.145,NaN,NaN,0.300,69,30
1393,36.449,63.550,0.092,1.799,2.588,0.145,NaN,NaN,0.300,69,30
1394,36.485,63.602,0.094,1.798,2.591,0.144,NaN,NaN,0.300,69,30
1395,36.521,63.654,0.097,1.798,2.593,0.143,NaN,NaN,0.300,69,30
1396,36.557,63.705,0.100,1.797,2.595,0.142,NaN,NaN,0.300,69,30
1397,36.593,63.757,0.103,1.796,2.597,0.142,NaN,NaN,0.300,69,30
1398,36.629,63.809,0.106,1.796,2.599,0.141,NaN,NaN,0.300,69,30
1399,36.665,63.861,0.109,1.795,2.602,0.140,NaN,NaN,0.300,69,30
1400,36.701,63.913,0.111,1.794,2.604,0.139,NaN,NaN,0.300,69,30
1401,36.737,63.965,0.114,1.794,2.606,0.138,NaN,NaN,0.300,69,30
1402,36.773,64.017,0.117,1.793,2.608,0.138,NaN,NaN,0.300,69,30
1403,36.808,64.070,0.120,1.792,2.610,0.137,NaN,NaN,0.300,69,30
1404,36.844,64.122,0.123,1.791,2.613,0.136,NaN,NaN,0.300,69,30
1405,36.880,64.174,0.125,1.791,2.615,0.135,NaN,NaN,0.300,69,30
1406,36.916,64.226,0.128,1.790,2.617,0.134,NaN,NaN,0.300,69,30
1407,36.952,64.279,0.131,1.789,2.619,0.134,NaN,NaN,0.300,69,30
1408,36.987,64.331,0.133,1.789,2.621,0.133,NaN,NaN,0.300,69,30
1409,37.023,64.384,0.136,1.788,2.623,0.132,NaN,NaN,0.300,69,30
1410,37.059,64.436,0.139,1.787,2.626,0.131,NaN,NaN,0.300,69,30
1411,37.095,64.489,0.141,1.786,2.628,0.131,NaN,NaN,0.300,69,30
1412,37.130,64.541,0.144,1.786,2.630,0.130,NaN,NaN,0.300,69,30
1413,37.166,64.594,0.146,1.785,2.632,0.129,NaN,NaN,0.300,69,30
1414,37.202,64.646,0.149,1.784,2.634,0.128,NaN,NaN,0.300,69,30
1415,37.238,64.699,0.152,1.783,2.636,0.127,NaN,NaN,0.300,69,30
1416,37.273,64.752,0.154,1.782,2.638,0.127,NaN,NaN,0.300,69,30
1417,37.309,64.805,0.157,1.782,2.641,0.126,NaN,NaN,0.300,69,30
1418,37.344,64.857,0.159,1.781,2.643,0.125,NaN,NaN,0.300,69,30
1419,37.380,64.910,0.162,1.780,2.645,0.124,NaN,NaN,0.300,69,30
1420,37.416,64.963,0.164,1.779,2.647,0.123,NaN,NaN,0.300,69,30
1421,37.451,65.016,0.167,1.778,2.649,0.123,NaN,NaN,0.300,69,30
1422,37.487,65.069,0.169,1.778,2.651,0.122,NaN,NaN,0.300,69,30
1423,37.522,65.122,0.171,1.777,2.653,0.121,NaN,NaN,0.300,69,30
1424,37.558,65.175,0.174,1.776,2.656,0.120,NaN,NaN,0.300,69,30
1425,37.593,65.228,0.176,1.775,2.658,0.119,NaN,NaN,0.300,69,30
1426,37.629,65.281,0.179,1.774,2.660,0.119,NaN,NaN,0.300,69,30
1427,37.664,65.335,0.181,1.773,2.662,0.118,NaN,NaN,0.300,69,30
1428,37.700,65.388,0.183,1.773,2.664,0.117,NaN,NaN,0.300,69,30
1429,37.735,65.441,0.186,1.772,2.666,0.116,NaN,NaN,0.300,69,30
1430,37.771,65.494,0.188,1.771,2.668,0.116,NaN,NaN,0.300,69,30
1431,37.806,65.548,0.190,1.770,2.671,0.115,NaN,NaN,0.300,69,30
1432,37.842,65.601,0.193,1.769,2.673,0.114,NaN,NaN,0.300,69,30
1433,37.877,65.655,0.195,1.768,2.675,0.113,NaN,NaN,0.300,69,30
1434,37.912,65.708,0.197,1.767,2.677,0.112,NaN,NaN,0.300,69,30
1435,37.948,65.762,0.200,1.767,2.679,0.112,NaN,NaN,0.300,69,30
1436,37.983,65.815,0.202,1.766,2.681,0.111,NaN,NaN,0.300,69,30
1437,38.018,65.869,0.204,1.765,2.683,0.110,NaN,NaN,0.300,69,30
1438,38.054,65.923,0.206,1.764,2.685,0.109,NaN,NaN,0.300,69,30
1439,38.089,65.976,0.208,1.763,2.687,0.108,NaN,NaN,0.300,69,30
1440,38.124,66.030,0.211,1.762,2.690,0.108,NaN,NaN,0.300,69,30
1441,38.159,66.084,0.213,1.761,2.692,0.107,NaN,NaN,0.300,69,30
1442,38.195,66.138,0.215,1.760,2.694,0.106,NaN,NaN,0.300,69,30
1443,38.230,66.191,0.217,1.759,2.696,0.105,NaN,NaN,0.300,69,30
1444,38.265,66.245,0.219,1.758,2.698,0.105,NaN,NaN,0.300,69,30
1445,38.300,66.299,0.221,1.757,2.700,0.104,NaN,NaN,0.300,69,30
1446,38.335,66.353,0.223,1.757,2.702,0.103,NaN,NaN,0.300,69,30
1447,38.370,66.407,0.225,1.756,2.704,0.102,NaN,NaN,0.300,69,30
1448,38.406,66.461,0.227,1.755,2.706,0.101,NaN,NaN,0.300,69,30
1449,38.441,66.516,0.229,1.754,2.708,0.101,NaN,NaN,0.300,69,30
1450,38.476,66.570,0.231,1.753,2.710,0.100,NaN,NaN,0.300,69,30
1451,38.511,66.624,0.233,1.752,2.713,0.099,NaN,NaN,0.300,69,30
1452,38.546,66.678,0.235,1.751,2.715,0.098,NaN,NaN,0.300,69,30
1453,38.581,66.733,0.237,1.750,2.717,0.097,NaN,NaN,0.300,69,30
1454,38.616,66.787,0.239,1.749,2.719,0.097,NaN,NaN,0.300,69,30
1455,38.651,66.841,0.241,1.748,2.721,0.096,NaN,NaN,0.300,69,30
1456,38.686,66.896,0.243,1.747,2.723,0.095,NaN,NaN,0.300,69,30
1457,38.721,66.950,0.245,1.746,2.725,0.094,NaN,NaN,0.300,69,30
1458,38.756,67.005,0.247,1.745,2.727,0.093,NaN,NaN,0.300,69,30
1459,38.791,67.059,0.249,1.744,2.729,0.093,NaN,NaN,0.300,69,30
1460,38.825,67.114,0.251,1.743,2.731,0.092,NaN,NaN,0.300,69,30
1461,38.860,67.168,0.252,1.742,2.733,0.091,NaN,NaN,0.300,69,30
1462,38.895,67.223,0.254,1.741,2.735,0.090,NaN,NaN,0.300,69,30
1463,38.930,67.278,0.256,1.740,2.737,0.090,NaN,NaN,0.300,69,30
1464,38.965,67.332,0.258,1.739,2.739,0.089,NaN,NaN,0.300,69,30
1465,39.000,67.387,0.260,1.738,2.742,0.088,NaN,NaN,0.300,69,30
1466,39.034,67.442,0.261,1.737,2.744,0.087,NaN,NaN,0.300,69,30
1467,39.069,67.497,0.263,1.736,2.746,0.086,NaN,NaN,0.300,69,30
1468,39.104,67.552,0.265,1.735,2.748,0.086,NaN,NaN,0.300,69,30
1469,39.138,67.607,0.267,1.734,2.750,0.085,NaN,NaN,0.300,69,30
1470,39.173,67.662,0.268,1.733,2.752,0.084,NaN,NaN,0.300,69,30
1471,39.208,67.717,0.270,1.732,2.754,0.083,NaN,NaN,0.300,69,30
1472,39.242,67.772,0.272,1.731,2.756,0.082,NaN,NaN,0.300,69,30
1473,39.277,67.827,0.273,1.730,2.758,0.082,NaN,NaN,0.300,69,30
1474,39.312,67.882,0.275,1.729,2.760,0.081,NaN,NaN,0.300,69,30
1475,39.346,67.937,0.276,1.728,2.762,0.080,NaN,NaN,0.300,69,30
1476,39.381,67.993,0.278,1.727,2.764,0.079,NaN,NaN,0.300,69,30
1477,39.415,68.048,0.280,1.726,2.766,0.079,NaN,NaN,0.300,69,30
1478,39.450,68.103,0.281,1.725,2.768,0.078,NaN,NaN,0.300,69,30
1479,39.484,68.159,0.283,1.724,2.770,0.077,NaN,NaN,0.300,69,30
1480,39.519,68.214,0.284,1.723,2.772,0.076,NaN,NaN,0.300,69,30
1481,39.553,68.269,0.286,1.723,2.772,0.076,NaN,NaN,0.300,70,0
1482,39.588,68.325,0.287,1.723,2.772,0.076,NaN,NaN,0.300,70,0
1483,39.622,68.380,0.289,1.723,2.772,0.076,NaN,NaN,0.300,70,0
1484,39.657,68.436,0.290,1.723,2.772,0.076,NaN,NaN,0.300,70,0
1485,39.691,68.491,0.292,1.723,2.772,0.076,NaN,NaN,0.300,70,0
1486,39.726,68.547,0.293,1.723,2.772,0.076,NaN,NaN,0.300,70,0
1487,39.760,68.602,0.295,1.723,2.772,0.076,NaN,NaN,0.300,70,0
1488,39.794,68.658,0.297,1.723,2.772,0.076,NaN,NaN,0.300,70,0
1489,39.829,68.713,0.298,1.723,2.772,0.076,NaN,NaN,0.300,70,0
1490,39.863,68.768,0.300,1.723,2.772,0.076,NaN,NaN,0.300,70,0
1491,39.898,68.824,0.301,1.723,2.772,0.076,NaN,NaN,0.300,70,0
1492,39.932,68.879,0.303,1.723,2.772,0.076,NaN,NaN,0.300,70,0
1493,39.967,68.935,0.304,1.723,2.772,0.076,NaN,NaN,0.300,70,0
1494,40.001,68.990,0.306,1.723,2.772,0.076,NaN,NaN,0.300,70,0
1495,40.036,69.046,0.307,1.723,2.772,0.076,NaN,NaN,0.300,70,0
1496,40.070,69.101,0.309,1.723,2.772,0.076,NaN,NaN,0.300,70,0
1497,40.104,69.157,0.310,1.723,2.772,0.076,NaN,NaN,0.300,70,0
1498,40.139,69.212,0.312,1.723,2.772,0.076,NaN,NaN,0.300,70,0
1499,40.173,69.267,0.313,1.723,2.772,0.076,NaN,NaN,0.300,70,0
1500,40.208,69.323,0.315,1.723,2.772,0.076,NaN,NaN,0.300,70,0
1501,40.242,69.378,0.316,1.723,2.772,0.076,NaN,NaN,0.300,70,0
1502,40.277,69.434,0.318,1.723,2.772,0.076,NaN,NaN,0.300,70,0
1503,40.311,69.489,0.319,1.723,2.772,0.076,NaN,NaN,0.300,70,0
1504,40.346,69.545,0.321,1.723,2.772,0.076,NaN,NaN,0.300,70,0
1505,40.380,69.600,0.322,1.723,2.772,0.076,NaN,NaN,0.300,70,0
1506,40.415,69.656,0.324,1.721,2.774,0.075,NaN,NaN,0.300,71,30
1507,40.449,69.711,0.325,1.720,2.776,0.075,NaN,NaN,0.300,71,30
1508,40.483,69.767,0.327,1.719,2.778,0.074,NaN,NaN,0.300,71,30
1509,40.518,69.822,0.328,1.718,2.780,0.073,NaN,NaN,0.300,71,30
1510,40.552,69.878,0.330,1.717,2.782,0.072,NaN,NaN,0.300,71,30
1511,40.586,69.933,0.331,1.716,2.784,0.071,NaN,NaN,0.300,71,30
1512,40.621,69.989,0.333,1.715,2.786,0.071,NaN,NaN,0.300,71,30
1513,40.655,70.045,0.334,1.713,2.788,0.070,NaN,NaN,0.300,71,30
1514,40.689,70.101,0.336,1.712,2.790,0.069,NaN,NaN,0.300,71,30
1515,40.724,70.156,0.337,1.711,2.792,0.068,NaN,NaN,0.300,71,30
1516,40.758,70.212,0.338,1.710,2.794,0.067,NaN,NaN,0.300,71,30
1517,40.792,70.268,0.340,1.709,2.796,0.067,NaN,NaN,0.300,71,30
1518,40.826,70.324,0.341,1.708,2.798,0.066,NaN,NaN,0.300,71,30
1519,40.860,70.380,0.342,1.706,2.800,0.065,NaN,NaN,0.300,71,30
1520,40.894,70.436,0.344,1.705,2.802,0.064,NaN,NaN,0.300,71,30
1521,40.929,70.492,0.345,1.704,2.804,0.064,NaN,NaN,0.300,71,30
1522,40.963,70.548,0.346,1.703,2.806,0.063,NaN,NaN,0.300,71,30
1523,40.997,70.604,0.347,1.702,2.808,0.062,NaN,NaN,0.300,71,30
1524,41.031,70.660,0.349,1.700,2.810,0.061,NaN,NaN,0.300,71,30
1525,41.065,70.716,0.350,1.699,2.812,0.060,NaN,NaN,0.300,71,30
1526,41.099,70.773,0.351,1.698,2.814,0.060,NaN,NaN,0.300,71,30
1527,41.133,70.829,0.352,1.697,2.816,0.059,NaN,NaN,0.300,71,30
1528,41.167,70.885,0.353,1.696,2.818,0.058,NaN,NaN,0.300,71,30
1529,41.200,70.942,0.355,1.694,2.819,0.057,NaN,NaN,0.300,71,30
1530,41.234,70.998,0.356,1.693,2.821,0.056,NaN,NaN,0.300,71,30
1531,41.268,71.054,0.357,1.692,2.823,0.056,NaN,NaN,0.300,71,30
1532,41.302,71.111,0.358,1.691,2.825,0.055,NaN,NaN,0.300,71,30
1533,41.336,71.167,0.359,1.690,2.827,0.054,NaN,NaN,0.300,71,30
1534,41.370,71.224,0.360,1.688,2.829,0.053,NaN,NaN,0.300,71,30
1535,41.403,71.281,0.361,1.687,2.831,0.052,NaN,NaN,0.300,71,30
1536,41.437,71.337,0.362,1.686,2.833,0.052,NaN,NaN,0.300,71,30
1537,41.471,71.394,0.363,1.685,2.835,0.051,NaN,NaN,0.300,71,30
1538,41.505,71.451,0.364,1.684,2.837,0.050,NaN,NaN,0.300,71,30
1539,41.538,71.507,0.365,1.682,2.839,0.049,NaN,NaN,0.300,71,30
1540,41.572,71.564,0.366,1.681,2.841,0.049,NaN,NaN,0.300,71,30
1541,41.606,71.621,0.367,1.680,2.843,0.048,NaN,NaN,0.300,71,30
1542,41.639,71.678,0.368,1.679,2.845,0.047,NaN,NaN,0.300,71,30
1543,41.673,71.735,0.369,1.677,2.847,0.046,NaN,NaN,0.300,71,30
1544,41.706,71.792,0.370,1.676,2.849,0.045,NaN,NaN,0.300,71,30
1545,41.740,71.849,0.371,1.675,2.851,0.045,NaN,NaN,0.300,71,30
1546,41.773,71.906,0.372,1.674,2.852,0.044,NaN,NaN,0.300,71,30
1547,41.807,71.963,0.373,1.673,2.854,0.043,NaN,NaN,0.300,71,30
1548,41.840,72.020,0.374,1.671,2.856,0.042,NaN,NaN,0.300,71,30
1549,41.874,72.077,0.375,1.670,2.858,0.041,NaN,NaN,0.300,71,30
1550,41.907,72.134,0.375,1.669,2.860,0.041,NaN,NaN,0.300,71,30
1551,41.940,72.191,0.376,1.668,2.862,0.040,NaN,NaN,0.300,71,30
1552,41.974,72.248,0.377,1.666,2.864,0.039,NaN,NaN,0.300,71,30
1553,42.007,72.306,0.378,1.665,2.866,0.038,NaN,NaN,0.300,71,30
1554,42.040,72.363,0.378,1.664,2.868,0.038,NaN,NaN,0.300,71,30
1555,42.074,72.420,0.379,1.663,2.870,0.037,NaN,NaN,0.300,71,30
1556,42.107,72.478,0.380,1.661,2.872,0.036,NaN,NaN,0.300,71,30
1557,42.140,72.535,0.381,1.660,2.874,0.035,NaN,NaN,0.300,71,30
1558,42.173,72.593,0.381,1.659,2.876,0.034,NaN,NaN,0.300,71,30
1559,42.207,72.650,0.382,1.658,2.877,0.034,NaN,NaN,0.300,71,30
1560,42.240,72.708,0.383,1.656,2.879,0.033,NaN,NaN,0.300,71,30
1561,42.273,72.765,0.383,1.655,2.881,0.032,NaN,NaN,0.300,71,30
1562,42.306,72.823,0.384,1.654,2.883,0.031,NaN,NaN,0.300,71,30
1563,42.339,72.881,0.385,1.653,2.885,0.030,NaN,NaN,0.300,71,30
1564,42.372,72.938,0.385,1.651,2.887,0.030,NaN,NaN,0.300,71,30
1565,42.405,72.996,0.386,1.650,2.889,0.029,NaN,NaN,0.300,71,30
1566,42.438,73.054,0.386,1.649,2.891,0.028,NaN,NaN,0.300,71,30
1567,42.471,73.112,0.387,1.647,2.893,0.027,NaN,NaN,0.300,71,30
1568,42.504,73.170,0.388,1.646,2.895,0.026,NaN,NaN,0.300,71,30
1569,42.537,73.227,0.388,1.645,2.897,0.026,NaN,NaN,0.300,71,30
1570,42.570,73.285,0.389,1.644,2.899,0.025,NaN,NaN,0.300,71,30
1571,42.603,73.343,0.389,1.642,2.900,0.024,NaN,NaN,0.300,71,30
1572,42.636,73.401,0.390,1.641,2.902,0.023,NaN,NaN,0.300,71,30
1573,42.668,73.459,0.390,1.640,2.904,0.023,NaN,NaN,0.300,71,30
1574,42.701,73.517,0.391,1.639,2.906,0.022,NaN,NaN,0.300,71,30
1575,42.734,73.576,0.391,1.637,2.908,0.021,NaN,NaN,0.300,71,30
1576,42.767,73.634,0.391,1.636,2.910,0.020,NaN,NaN,0.300,71,30
1577,42.799,73.692,0.392,1.635,2.912,0.019,NaN,NaN,0.300,71,30
1578,42.832,73.750,0.392,1.634,2.914,0.019,NaN,NaN,0.300,71,30
1579,42.865,73.808,0.393,1.632,2.916,0.018,NaN,NaN,0.300,71,30
1580,42.897,73.867,0.393,1.631,2.918,0.017,NaN,NaN,0.300,71,30
1581,42.930,73.925,0.393,1.630,2.919,0.016,NaN,NaN,0.300,71,30
1582,42.963,73.983,0.394,1.628,2.921,0.015,NaN,NaN,0.300,71,30
1583,42.995,74.042,0.394,1.627,2.923,0.015,NaN,NaN,0.300,71,30
1584,43.028,74.100,0.394,1.626,2.925,0.014,NaN,NaN,0.300,71,30
1585,43.060,74.159,0.394,1.625,2.927,0.013,NaN,NaN,0.300,71,30
1586,43.093,74.217,0.395,1.623,2.929,0.012,NaN,NaN,0.300,71,30
1587,43.125,74.276,0.395,1.622,2.931,0.012,NaN,NaN,0.300,71,30
1588,43.158,74.335,0.395,1.621,2.933,0.011,NaN,NaN,0.300,71,30
1589,43.190,74.393,0.395,1.619,2.935,0.010,NaN,NaN,0.300,71,30
1590,43.222,74.452,0.396,1.618,2.937,0.009,NaN,NaN,0.300,71,30
1591,43.255,74.511,0.396,1.617,2.938,0.008,NaN,NaN,0.300,71,30
1592,43.287,74.569,0.396,1.616,2.940,0.008,NaN,NaN,0.300,71,30
1593,43.319,74.628,0.396,1.614,2.942,0.007,NaN,NaN,0.300,71,30
1594,43.352,74.687,0.396,1.613,2.944,0.006,NaN,NaN,0.300,71,30
1595,43.384,74.746,0.396,1.612,2.946,0.005,NaN,NaN,0.300,71,30
1596,43.416,74.805,0.396,1.611,2.948,0.004,NaN,NaN,0.300,71,30
1597,43.448,74.864,0.397,1.609,2.950,0.004,NaN,NaN,0.300,71,30
1598,43.481,74.923,0.397,1.608,2.952,0.003,NaN,NaN,0.300,71,30
1599,43.513,74.982,0.397,1.607,2.954,0.002,NaN,NaN,0.300,71,30
1600,43.545,75.041,0.397,1.605,2.956,0.001,NaN,NaN,0.300,71,30
1601,43.577,75.100,0.397,1.604,2.957,0.000,NaN,NaN,0.300,71,30
1602,43.609,75.159,0.397,1.603,2.959,-0.000,NaN,NaN,0.300,71,30
1603,43.641,75.218,0.397,1.602,2.961,-0.001,NaN,NaN,0.300,71,30
1604,43.673,75.278,0.397,1.600,2.963,-0.002,NaN,NaN,0.300,71,30
1605,43.705,75.337,0.397,1.599,2.965,-0.003,NaN,NaN,0.300,71,30
1606,43.737,75.396,0.397,1.598,2.967,-0.003,NaN,NaN,0.300,71,30
1607,43.769,75.456,0.397,1.596,2.969,-0.004,NaN,NaN,0.300,71,30
1608,43.801,75.515,0.396,1.595,2.971,-0.005,NaN,NaN,0.300,71,30
1609,43.833,75.574,0.396,1.594,2.973,-0.006,NaN,NaN,0.300,71,30
1610,43.865,75.634,0.396,1.593,2.975,-0.007,NaN,NaN,0.300,71,30
1611,43.897,75.693,0.396,1.591,2.976,-0.007,NaN,NaN,0.300,71,30
1612,43.929,75.753,0.396,1.590,2.978,-0.008,NaN,NaN,0.300,71,30
1613,43.960,75.812,0.396,1.589,2.980,-0.009,NaN,NaN,0.300,71,30
1614,43.992,75.872,0.396,1.587,2.982,-0.010,NaN,NaN,0.300,71,30
1615,44.024,75.932,0.395,1.586,2.984,-0.011,NaN,NaN,0.300,71,30
1616,44.056,75.991,0.395,1.585,2.986,-0.011,NaN,NaN,0.300,71,30
1617,44.087,76.051,0.395,1.584,2.988,-0.012,NaN,NaN,0.300,71,30
1618,44.119,76.111,0.395,1.582,2.990,-0.013,NaN,NaN,0.300,71,30
1619,44.151,76.171,0.394,1.581,2.992,-0.014,NaN,NaN,0.300,71,30
1620,44.182,76.230,0.394,1.580,2.994,-0.014,NaN,NaN,0.300,71,30
1621,44.214,76.290,0.394,1.578,2.995,-0.015,NaN,NaN,0.300,71,30
1622,44.245,76.350,0.394,1.577,2.997,-0.016,NaN,NaN,0.300,71,30
1623,44.277,76.410,0.393,1.576,2.999,-0.017,NaN,NaN,0.300,71,30
1624,44.308,76.470,0.393,1.575,3.001,-0.018,NaN,NaN,0.300,71,30
1625,44.340,76.530,0.393,1.573,3.003,-0.018,NaN,NaN,0.300,71,30
1626,44.371,76.590,0.392,1.573,3.003,-0.018,NaN,NaN,0.300,72,0
1627,44.403,76.650,0.392,1.573,3.003,-0.018,NaN,NaN,0.300,72,0
1628,44.434,76.710,0.392,1.573,3.003,-0.018,NaN,NaN,0.300,72,0
1629,44.466,76.770,0.391,1.573,3.003,-0.018,NaN,NaN,0.300,72,0
1630,44.497,76.830,0.391,1.573,3.003,-0.018,NaN,NaN,0.300,72,0
1631,44.529,76.891,0.390,1.573,3.003,-0.018,NaN,NaN,0.300,72,0
1632,44.560,76.951,0.390,1.573,3.003,-0.018,NaN,NaN,0.300,72,0
1633,44.592,77.011,0.390,1.573,3.003,-0.018,NaN,NaN,0.300,72,0
1634,44.623,77.071,0.389,1.573,3.003,-0.018,NaN,NaN,0.300,72,0
1635,44.655,77.131,0.389,1.573,3.003,-0.018,NaN,NaN,0.300,72,0
1636,44.686,77.191,0.389,1.573,3.003,-0.018,NaN,NaN,0.300,72,0
1637,44.718,77.251,0.388,1.573,3.003,-0.018,NaN,NaN,0.300,72,0
1638,44.749,77.311,0.388,1.573,3.003,-0.018,NaN,NaN,0.300,72,0
1639,44.781,77.371,0.387,1.573,3.003,-0.018,NaN,NaN,0.300,72,0
1640,44.812,77.431,0.387,1.573,3.003,-0.018,NaN,NaN,0.300,72,0
1641,44.843,77.491,0.387,1.573,3.003,-0.018,NaN,NaN,0.300,72,0
1642,44.875,77.551,0.386,1.573,3.003,-0.018,NaN,NaN,0.300,72,0
1643,44.906,77.611,0.386,1.573,3.003,-0.018,NaN,NaN,0.300,72,0
1644,44.938,77.671,0.386,1.573,3.003,-0.018,NaN,NaN,0.300,72,0
1645,44.969,77.731,0.385,1.573,3.003,-0.018,NaN,NaN,0.300,72,0
1646,45.001,77.791,0.385,1.573,3.003,-0.018,NaN,NaN,0.300,72,0
1647,45.032,77.851,0.384,1.573,3.003,-0.018,NaN,NaN,0.300,72,0
1648,45.064,77.912,0.384,1.573,3.003,-0.018,NaN,NaN,0.300,72,0
1649,45.095,77.972,0.384,1.573,3.003,-0.018,NaN,NaN,0.300,72,0
1650,45.127,78.032,0.383,1.573,3.003,-0.018,NaN,NaN,0.300,72,0
1651,45.158,78.092,0.383,1.573,3.003,-0.018,NaN,NaN,0.300,72,0
1652,45.190,78.152,0.383,1.573,3.003,-0.018,NaN,NaN,0.300,72,0
1653,45.221,78.212,0.382,1.573,3.003,-0.018,NaN,NaN,0.300,72,0
1654,45.253,78.272,0.382,1.573,3.003,-0.018,NaN,NaN,0.300,72,0
1655,45.284,78.332,0.382,1.573,3.003,-0.018,NaN,NaN,0.300,72,0
1656,45.315,78.392,0.381,1.573,3.003,-0.018,NaN,NaN,0.300,72,0
1657,45.347,78.452,0.381,1.573,3.003,-0.018,NaN,NaN,0.300,72,0
1658,45.378,78.512,0.380,1.573,3.003,-0.018,NaN,NaN,0.300,72,0
1659,45.410,78.572,0.380,1.573,3.003,-0.018,NaN,NaN,0.300,72,0
1660,45.441,78.632,0.380,1.573,3.003,-0.018,NaN,NaN,0.300,72,0
1661,45.473,78.692,0.379,1.573,3.003,-0.018,NaN,NaN,0.300,72,0
1662,45.504,78.752,0.379,1.573,3.003,-0.018,NaN,NaN,0.300,72,0
1663,45.536,78.812,0.379,1.573,3.003,-0.018,NaN,NaN,0.300,72,0
1664,45.567,78.872,0.378,1.573,3.003,-0.018,NaN,NaN,0.300,72,0
1665,45.599,78.933,0.378,1.573,3.003,-0.018,NaN,NaN,0.300,72,0
1666,45.630,78.993,0.377,1.573,3.003,-0.018,NaN,NaN,0.300,72,0
1667,45.662,79.053,0.377,1.573,3.003,-0.018,NaN,NaN,0.300,72,0
1668,45.693,79.113,0.377,1.573,3.003,-0.018,NaN,NaN,0.300,72,0
1669,45.725,79.173,0.376,1.573,3.003,-0.018,NaN,NaN,0.300,72,0
1670,45.756,79.233,0.376,1.573,3.003,-0.018,NaN,NaN,0.300,72,0
1671,45.787,79.293,0.376,1.573,3.003,-0.018,NaN,NaN,0.300,72,0
1672,45.819,79.353,0.375,1.573,3.003,-0.018,NaN,NaN,0.300,72,0
1673,45.850,79.413,0.375,1.573,3.003,-0.018,NaN,NaN,0.300,72,0
1674,45.882,79.473,0.375,1.573,3.003,-0.018,NaN,NaN,0.300,72,0
1675,45.913,79.533,0.374,1.573,3.003,-0.018,NaN,NaN,0.300,72,0
1676,45.945,79.593,0.374,1.573,3.003,-0.018,NaN,NaN,0.300,72,0
1677,45.976,79.653,0.373,1.573,3.003,-0.018,NaN,NaN,0.300,72,0
1678,46.008,79.713,0.373,1.573,3.003,-0.018,NaN,NaN,0.300,72,0
1679,46.039,79.773,0.373,1.573,3.003,-0.018,NaN,NaN,0.300,72,0
1680,46.071,79.833,0.372,1.573,3.003,-0.018,NaN,NaN,0.300,72,0
1681,46.102,79.893,0.372,1.573,3.003,-0.018,NaN,NaN,0.300,72,0
1682,46.134,79.954,0.372,1.573,3.003,-0.018,NaN,NaN,0.300,72,0
1683,46.165,80.014,0.371,1.573,3.003,-0.018,NaN,NaN,0.300,72,0
1684,46.197,80.074,0.371,1.573,3.003,-0.018,NaN,NaN,0.300,72,0
1685,46.228,80.134,0.370,1.573,3.003,-0.018,NaN,NaN,0.300,72,0
1686,46.259,80.194,0.370,1.573,3.003,-0.018,NaN,NaN,0.300,72,0
1687,46.291,80.254,0.370,1.573,3.003,-0.018,NaN,NaN,0.300,72,0
1688,46.322,80.314,0.369,1.573,3.003,-0.018,NaN,NaN,0.300,72,0
1689,46.354,80.374,0.369,1.573,3.003,-0.018,NaN,NaN,0.300,72,0
1690,46.385,80.434,0.369,1.573,3.003,-0.018,NaN,NaN,0.300,72,0
1691,46.417,80.494,0.368,1.573,3.003,-0.018,NaN,NaN,0.300,72,0
1692,46.448,80.554,0.368,1.573,3.003,-0.018,NaN,NaN,0.300,72,0
1693,46.480,80.614,0.368,1.573,3.003,-0.018,NaN,NaN,0.300,72,0
1694,46.511,80.674,0.367,1.573,3.003,-0.018,NaN,NaN,0.300,72,0
1695,46.543,80.734,0.367,1.573,3.003,-0.018,NaN,NaN,0.300,72,0
1696,46.574,80.794,0.366,1.573,3.003,-0.018,NaN,NaN,0.300,72,0
1697,46.606,80.854,0.366,1.573,3.003,-0.018,NaN,NaN,0.300,72,0
1698,46.637,80.914,0.366,1.573,3.003,-0.018,NaN,NaN,0.300,72,0
1699,46.669,80.975,0.365,1.573,3.003,-0.018,NaN,NaN,0.300,72,0
1700,46.700,81.035,0.365,1.573,3.003,-0.018,NaN,NaN,0.300,72,0
1701,46.731,81.095,0.365,1.573,3.003,-0.018,NaN,NaN,0.300,72,0
1702,46.763,81.155,0.364,1.573,3.003,-0.018,NaN,NaN,0.300,72,0
1703,46.794,81.215,0.364,1.573,3.003,-0.018,NaN,NaN,0.300,72,0
1704,46.826,81.275,0.363,1.573,3.003,-0.018,NaN,NaN,0.300,72,0
1705,46.857,81.335,0.363,1.573,3.003,-0.018,NaN,NaN,0.300,72,0
1706,46.889,81.395,0.363,1.573,3.003,-0.018,NaN,NaN,0.300,72,0
1707,46.920,81.455,0.362,1.573,3.003,-0.018,NaN,NaN,0.300,72,0
1708,46.952,81.515,0.362,1.573,3.003,-0.018,NaN,NaN,0.300,72,0
1709,46.983,81.575,0.362,1.573,3.003,-0.018,NaN,NaN,0.300,72,0
1710,47.015,81.635,0.361,1.573,3.003,-0.018,NaN,NaN,0.300,72,0
1711,47.046,81.695,0.361,1.573,3.003,-0.018,NaN,NaN,0.300,72,0
1712,47.078,81.755,0.361,1.573,3.003,-0.018,NaN,NaN,0.300,72,0
1713,47.109,81.815,0.360,1.573,3.003,-0.018,NaN,NaN,0.300,72,0
1714,47.141,81.875,0.360,1.573,3.003,-0.018,NaN,NaN,0.300,72,0
1715,47.172,81.935,0.359,1.573,3.003,-0.018,NaN,NaN,0.300,72,0
1716,47.204,81.996,0.359,1.573,3.003,-0.018,NaN,NaN,0.300,72,0
1717,47.235,82.056,0.359,1.573,3.003,-0.018,NaN,NaN,0.300,72,0
1718,47.266,82.116,0.358,1.573,3.003,-0.018,NaN,NaN,0.300,72,0
1719,47.298,82.176,0.358,1.573,3.003,-0.018,NaN,NaN,0.300,72,0
1720,47.329,82.236,0.358,1.573,3.003,-0.018,NaN,NaN,0.300,72,0
1721,47.361,82.296,0.357,1.573,3.003,-0.018,NaN,NaN,0.300,72,0
1722,47.392,82.356,0.357,1.573,3.003,-0.018,NaN,NaN,0.300,72,0
1723,47.424,82.416,0.356,1.573,3.003,-0.018,NaN,NaN,0.300,72,0
1724,47.455,82.476,0.356,1.573,3.003,-0.018,NaN,NaN,0.300,72,0
1725,47.487,82.536,0.356,1.573,3.003,-0.018,NaN,NaN,0.300,72,0
1726,47.518,82.596,0.355,1.573,3.003,-0.018,NaN,NaN,0.300,72,0
1727,47.550,82.656,0.355,1.573,3.003,-0.018,NaN,NaN,0.300,72,0
1728,47.581,82.716,0.355,1.573,3.003,-0.018,NaN,NaN,0.300,72,0
1729,47.613,82.776,0.354,1.573,3.003,-0.018,NaN,NaN,0.300,72,0
1730,47.644,82.836,0.354,1.573,3.003,-0.018,NaN,NaN,0.300,72,0
1731,47.676,82.896,0.354,1.573,3.003,-0.018,NaN,NaN,0.300,72,0
1732,47.707,82.956,0.353,1.573,3.003,-0.018,NaN,NaN,0.300,72,0
1733,47.738,83.017,0.353,1.573,3.003,-0.018,NaN,NaN,0.300,72,0
1734,47.770,83.077,0.352,1.573,3.003,-0.018,NaN,NaN,0.300,72,0
1735,47.801,83.137,0.352,1.573,3.003,-0.018,NaN,NaN,0.300,72,0
1736,47.833,83.197,0.352,1.573,3.003,-0.018,NaN,NaN,0.300,72,0
1737,47.864,83.257,0.351,1.573,3.003,-0.018,NaN,NaN,0.300,72,0
1738,47.896,83.317,0.351,1.573,3.003,-0.018,NaN,NaN,0.300,72,0
1739,47.927,83.377,0.351,1.573,3.003,-0.018,NaN,NaN,0.300,72,0
1740,47.959,83.437,0.350,1.573,3.003,-0.018,NaN,NaN,0.300,72,0
1741,47.990,83.497,0.350,1.573,3.003,-0.018,NaN,NaN,0.300,72,0
1742,48.022,83.557,0.349,1.573,3.003,-0.018,NaN,NaN,0.300,72,0
1743,48.053,83.617,0.349,1.573,3.003,-0.018,NaN,NaN,0.300,72,0
1744,48.085,83.677,0.349,1.573,3.003,-0.018,NaN,NaN,0.300,72,0
1745,48.116,83.737,0.348,1.573,3.003,-0.018,NaN,NaN,0.300,72,0
1746,48.148,83.797,0.348,1.573,3.003,-0.018,NaN,NaN,0.300,72,0
1747,48.179,83.857,0.348,1.573,3.003,-0.018,NaN,NaN,0.300,72,0
1748,48.210,83.917,0.347,1.573,3.003,-0.018,NaN,NaN,0.300,72,0
1749,48.242,83.977,0.347,1.573,3.003,-0.018,NaN,NaN,0.300,72,0
1750,48.273,84.038,0.347,1.573,3.003,-0.018,NaN,NaN,0.300,72,0
1751,48.305,84.098,0.346,1.573,3.003,-0.018,NaN,NaN,0.300,72,0
1752,48.336,84.158,0.346,1.573,3.003,-0.018,NaN,NaN,0.300,72,0
1753,48.368,84.218,0.345,1.573,3.003,-0.018,NaN,NaN,0.300,72,0
1754,48.399,84.278,0.345,1.573,3.003,-0.018,NaN,NaN,0.300,72,0
1755,48.431,84.338,0.345,1.573,3.003,-0.018,NaN,NaN,0.300,72,0
1756,48.462,84.398,0.344,1.573,3.003,-0.018,NaN,NaN,0.300,72,0
1757,48.494,84.458,0.344,1.573,3.003,-0.018,NaN,NaN,0.300,72,0
1758,48.525,84.518,0.344,1.573,3.003,-0.018,NaN,NaN,0.300,72,0
1759,48.557,84.578,0.343,1.573,3.003,-0.018,NaN,NaN,0.300,72,0
1760,48.588,84.638,0.343,1.573,3.003,-0.018,NaN,NaN,0.300,72,0
1761,48.620,84.698,0.342,1.573,3.003,-0.018,NaN,NaN,0.300,72,0
1762,48.651,84.758,0.342,1.573,3.003,-0.018,NaN,NaN,0.300,72,0
1763,48.682,84.818,0.342,1.573,3.003,-0.018,NaN,NaN,0.300,72,0
1764,48.714,84.878,0.341,1.573,3.003,-0.018,NaN,NaN,0.300,72,0
1765,48.745,84.938,0.341,1.573,3.003,-0.018,NaN,NaN,0.300,72,0
1766,48.777,84.998,0.341,1.573,3.003,-0.018,NaN,NaN,0.300,72,0
1767,48.808,85.059,0.340,1.573,3.003,-0.018,NaN,NaN,0.300,72,0
1768,48.840,85.119,0.340,1.573,3.003,-0.018,NaN,NaN,0.300,72,0
1769,48.871,85.179,0.340,1.573,3.003,-0.018,NaN,NaN,0.300,72,0
1770,48.903,85.239,0.339,1.573,3.003,-0.018,NaN,NaN,0.300,72,0
1771,48.934,85.299,0.339,1.573,3.003,-0.018,NaN,NaN,0.300,72,0
1772,48.966,85.359,0.338,1.573,3.003,-0.018,NaN,NaN,0.300,72,0
1773,48.997,85.419,0.338,1.573,3.003,-0.018,NaN,NaN,0.300,72,0
1774,49.029,85.479,0.338,1.573,3.003,-0.018,NaN,NaN,0.300,72,0
1775,49.060,85.539,0.337,1.573,3.003,-0.018,NaN,NaN,0.300,72,0
1776,49.092,85.599,0.337,1.573,3.003,-0.018,NaN,NaN,0.300,72,0
1777,49.123,85.659,0.337,1.573,3.003,-0.018,NaN,NaN,0.300,72,0
1778,49.154,85.719,0.336,1.573,3.003,-0.018,NaN,NaN,0.300,72,0
1779,49.186,85.779,0.336,1.573,3.003,-0.018,NaN,NaN,0.300,72,0
1780,49.217,85.839,0.335,1.573,3.003,-0.018,NaN,NaN,0.300,72,0
1781,49.249,85.899,0.335,1.573,3.003,-0.018,NaN,NaN,0.300,72,0
1782,49.280,85.959,0.335,1.573,3.003,-0.018,NaN,NaN,0.300,72,0
1783,49.312,86.019,0.334,1.573,3.003,-0.018,NaN,NaN,0.300,72,0
1784,49.343,86.079,0.334,1.573,3.003,-0.018,NaN,NaN,0.300,72,0
1785,49.375,86.140,0.334,1.573,3.003,-0.018,NaN,NaN,0.300,72,0
1786,49.406,86.200,0.333,1.573,3.003,-0.018,NaN,NaN,0.300,72,0
1787,49.438,86.260,0.333,1.573,3.003,-0.018,NaN,NaN,0.300,72,0
1788,49.469,86.320,0.333,1.573,3.003,-0.018,NaN,NaN,0.300,72,0
1789,49.501,86.380,0.332,1.573,3.003,-0.018,NaN,NaN,0.300,72,0
1790,49.532,86.440,0.332,1.573,3.003,-0.018,NaN,NaN,0.300,72,0
1791,49.564,86.500,0.331,1.573,3.003,-0.018,NaN,NaN,0.300,72,0
1792,49.595,86.560,0.331,1.573,3.003,-0.018,NaN,NaN,0.300,72,0
1793,49.626,86.620,0.331,1.573,3.003,-0.018,NaN,NaN,0.300,72,0
1794,49.658,86.680,0.330,1.573,3.003,-0.018,NaN,NaN,0.300,72,0
1795,49.689,86.740,0.330,1.573,3.003,-0.018,NaN,NaN,0.300,72,0
1796,49.721,86.800,0.330,1.573,3.003,-0.018,NaN,NaN,0.300,72,0
1797,49.752,86.860,0.329,1.573,3.003,-0.018,NaN,NaN,0.300,72,0
1798,49.784,86.920,0.329,1.573,3.003,-0.018,NaN,NaN,0.300,72,0
1799,49.815,86.980,0.328,1.573,3.003,-0.018,NaN,NaN,0.300,72,0
1800,49.847,87.040,0.328,1.573,3.003,-0.018,NaN,NaN,0.300,72,0
1801,49.878,87.100,0.328,1.573,3.003,-0.018,NaN,NaN,0.300,72,0
1802,49.910,87.161,0.327,1.573,3.003,-0.018,NaN,NaN,0.300,72,0
1803,49.941,87.221,0.327,1.573,3.003,-0.018,NaN,NaN,0.300,72,0
1804,49.973,87.281,0.327,1.573,3.003,-0.018,NaN,NaN,0.300,72,0
1805,50.004,87.341,0.326,1.573,3.003,-0.018,NaN,NaN,0.300,72,0
1806,50.036,87.401,0.326,1.573,3.003,-0.018,NaN,NaN,0.300,72,0
1807,50.067,87.461,0.326,1.573,3.003,-0.018,NaN,NaN,0.300,72,0
1808,50.099,87.521,0.325,1.573,3.003,-0.018,NaN,NaN,0.300,72,0
1809,50.130,87.581,0.325,1.573,3.003,-0.018,NaN,NaN,0.300,72,0
1810,50.161,87.641,0.324,1.573,3.003,-0.018,NaN,NaN,0.300,72,0
1811,50.193,87.701,0.324,1.573,3.003,-0.018,NaN,NaN,0.300,72,0
1812,50.224,87.761,0.324,1.573,3.003,-0.018,NaN,NaN,0.300,72,0
1813,50.256,87.821,0.323,1.573,3.003,-0.018,NaN,NaN,0.300,72,0
1814,50.287,87.881,0.323,1.573,3.003,-0.018,NaN,NaN,0.300,72,0
1815,50.319,87.941,0.323,1.573,3.003,-0.018,NaN,NaN,0.300,72,0
1816,50.350,88.001,0.322,1.573,3.003,-0.018,NaN,NaN,0.300,72,0
1817,50.382,88.061,0.322,1.573,3.003,-0.018,NaN,NaN,0.300,72,0
1818,50.413,88.121,0.321,1.573,3.003,-0.018,NaN,NaN,0.300,72,0
1819,50.445,88.182,0.321,1.573,3.003,-0.018,NaN,NaN,0.300,72,0
1820,50.476,88.242,0.321,1.573,3.003,-0.018,NaN,NaN,0.300,72,0
1821,50.508,88.302,0.320,1.573,3.003,-0.018,NaN,NaN,0.300,72,0
1822,50.539,88.362,0.320,1.573,3.003,-0.018,NaN,NaN,0.300,72,0
1823,50.571,88.422,0.320,1.573,3.003,-0.018,NaN,NaN,0.300,72,0
1824,50.602,88.482,0.319,1.573,3.003,-0.018,NaN,NaN,0.300,72,0
1825,50.633,88.542,0.319,1.573,3.003,-0.018,NaN,NaN,0.300,72,0
1826,50.665,88.602,0.319,1.573,3.003,-0.018,NaN,NaN,0.300,72,0
1827,50.696,88.662,0.318,1.573,3.003,-0.018,NaN,NaN,0.300,72,0
1828,50.728,88.722,0.318,1.573,3.003,-0.018,NaN,NaN,0.300,72,0
1829,50.759,88.782,0.317,1.573,3.003,-0.018,NaN,NaN,0.300,72,0
1830,50.791,88.842,0.317,1.573,3.003,-0.018,NaN,NaN,0.300,72,0
1831,50.822,88.902,0.317,1.573,3.003,-0.018,NaN,NaN,0.300,72,0
1832,50.854,88.962,0.316,1.573,3.003,-0.018,NaN,NaN,0.300,72,0
1833,50.885,89.022,0.316,1.573,3.003,-0.018,NaN,NaN,0.300,72,0
1834,50.917,89.082,0.316,1.573,3.003,-0.018,NaN,NaN,0.300,72,0
1835,50.948,89.142,0.315,1.573,3.003,-0.018,NaN,NaN,0.300,72,0
1836,50.980,89.203,0.315,1.573,3.003,-0.018,NaN,NaN,0.300,72,0
1837,51.011,89.263,0.314,1.573,3.003,-0.018,NaN,NaN,0.300,72,0
1838,51.043,89.323,0.314,1.573,3.003,-0.018,NaN,NaN,0.300,72,0
1839,51.074,89.383,0.314,1.573,3.003,-0.018,NaN,NaN,0.300,72,0
1840,51.105,89.443,0.313,1.573,3.003,-0.018,NaN,NaN,0.300,72,0
1841,51.137,89.503,0.313,1.573,3.003,-0.018,NaN,NaN,0.300,72,0
1842,51.168,89.563,0.313,1.573,3.003,-0.018,NaN,NaN,0.300,72,0
1843,51.200,89.623,0.312,1.573,3.003,-0.018,NaN,NaN,0.300,72,0
1844,51.231,89.683,0.312,1.573,3.003,-0.018,NaN,NaN,0.300,72,0
1845,51.263,89.743,0.312,1.573,3.003,-0.018,NaN,NaN,0.300,72,0
1846,51.294,89.803,0.311,1.573,3.003,-0.018,NaN,NaN,0.300,72,0
1847,51.326,89.863,0.311,1.573,3.003,-0.018,NaN,NaN,0.300,72,0
1848,51.357,89.923,0.310,1.573,3.003,-0.018,NaN,NaN,0.300,72,0
1849,51.389,89.983,0.310,1.573,3.003,-0.018,NaN,NaN,0.300,72,0
1850,51.420,90.043,0.310,1.573,3.003,-0.018,NaN,NaN,0.300,72,0
1851,51.452,90.103,0.309,1.573,3.003,-0.018,NaN,NaN,0.300,72,0
1852,51.483,90.163,0.309,1.573,3.003,-0.018,NaN,NaN,0.300,72,0
1853,51.515,90.224,0.309,1.573,3.003,-0.018,NaN,NaN,0.300,72,0
1854,51.546,90.284,0.308,1.573,3.003,-0.018,NaN,NaN,0.300,72,0
1855,51.577,90.344,0.308,1.573,3.003,-0.018,NaN,NaN,0.300,72,0
1856,51.609,90.404,0.307,1.573,3.003,-0.018,NaN,NaN,0.300,72,0
1857,51.640,90.464,0.307,1.573,3.003,-0.018,NaN,NaN,0.300,72,0
1858,51.672,90.524,0.307,1.573,3.003,-0.018,NaN,NaN,0.300,72,0
1859,51.703,90.584,0.306,1.573,3.003,-0.018,NaN,NaN,0.300,72,0
1860,51.735,90.644,0.306,1.573,3.003,-0.018,NaN,NaN,0.300,72,0
1861,51.766,90.704,0.306,1.573,3.003,-0.018,NaN,NaN,0.300,72,0
1862,51.798,90.764,0.305,1.573,3.003,-0.018,NaN,NaN,0.300,72,0
1863,51.829,90.824,0.305,1.573,3.003,-0.018,NaN,NaN,0.300,72,0
1864,51.861,90.884,0.305,1.573,3.003,-0.018,NaN,NaN,0.300,72,0
1865,51.892,90.944,0.304,1.573,3.003,-0.018,NaN,NaN,0.300,72,0
1866,51.924,91.004,0.304,1.573,3.003,-0.018,NaN,NaN,0.300,72,0
1867,51.955,91.064,0.303,1.573,3.003,-0.018,NaN,NaN,0.300,72,0
1868,51.987,91.124,0.303,1.573,3.003,-0.018,NaN,NaN,0.300,72,0
1869,52.018,91.184,0.303,1.573,3.003,-0.018,NaN,NaN,0.300,72,0
1870,52.049,91.245,0.302,1.573,3.003,-0.018,NaN,NaN,0.300,72,0
1871,52.081,91.305,0.302,1.573,3.003,-0.018,NaN,NaN,0.300,72,0
1872,52.112,91.365,0.302,1.573,3.003,-0.018,NaN,NaN,0.300,72,0
1873,52.144,91.425,0.301,1.573,3.003,-0.018,NaN,NaN,0.300,72,0
1874,52.175,91.485,0.301,1.573,3.003,-0.018,NaN,NaN,0.300,72,0
1875,52.207,91.545,0.300,1.573,3.003,-0.018,NaN,NaN,0.300,72,0
1876,52.238,91.605,0.300,1.573,3.003,-0.018,NaN,NaN,0.300,72,0
1877,52.270,91.665,0.300,1.573,3.003,-0.018,NaN,NaN,0.300,72,0
1878,52.301,91.725,0.299,1.573,3.003,-0.018,NaN,NaN,0.300,72,0
1879,52.333,91.785,0.299,1.573,3.003,-0.018,NaN,NaN,0.300,72,0
1880,52.364,91.845,0.299,1.573,3.003,-0.018,NaN,NaN,0.300,72,0
1881,52.396,91.905,0.298,1.573,3.003,-0.018,NaN,NaN,0.300,72,0
1882,52.427,91.965,0.298,1.573,3.003,-0.018,NaN,NaN,0.300,72,0
1883,52.459,92.025,0.298,1.573,3.003,-0.018,NaN,NaN,0.300,72,0
1884,52.490,92.085,0.297,1.573,3.003,-0.018,NaN,NaN,0.300,72,0
1885,52.521,92.145,0.297,1.573,3.003,-0.018,NaN,NaN,0.300,72,0
1886,52.553,92.205,0.296,1.573,3.003,-0.018,NaN,NaN,0.300,72,0
1887,52.584,92.266,0.296,1.573,3.003,-0.018,NaN,NaN,0.300,72,0
1888,52.616,92.326,0.296,1.573,3.003,-0.018,NaN,NaN,0.300,72,0
1889,52.647,92.386,0.295,1.573,3.003,-0.018,NaN,NaN,0.300,72,0
1890,52.679,92.446,0.295,1.573,3.003,-0.018,NaN,NaN,0.300,72,0
1891,52.710,92.506,0.295,1.573,3.003,-0.018,NaN,NaN,0.300,72,0
1892,52.742,92.566,0.294,1.573,3.003,-0.018,NaN,NaN,0.300,72,0
1893,52.773,92.626,0.294,1.573,3.003,-0.018,NaN,NaN,0.300,72,0
1894,52.805,92.686,0.293,1.573,3.003,-0.018,NaN,NaN,0.300,72,0
1895,52.836,92.746,0.293,1.573,3.003,-0.018,NaN,NaN,0.300,72,0
1896,52.868,92.806,0.293,1.573,3.003,-0.018,NaN,NaN,0.300,72,0
1897,52.899,92.866,0.292,1.573,3.003,-0.018,NaN,NaN,0.300,72,0
1898,52.931,92.926,0.292,1.573,3.003,-0.018,NaN,NaN,0.300,72,0
1899,52.962,92.986,0.292,1.573,3.003,-0.018,NaN,NaN,0.300,72,0
1900,52.994,93.046,0.291,1.573,3.003,-0.018,NaN,NaN,0.300,72,0
1901,53.025,93.106,0.291,1.573,3.003,-0.018,NaN,NaN,0.300,72,0
1902,53.056,93.166,0.291,1.573,3.003,-0.018,NaN,NaN,0.300,72,0
1903,53.088,93.226,0.290,1.573,3.003,-0.018,NaN,NaN,0.300,72,0
1904,53.119,93.287,0.290,1.573,3.003,-0.018,NaN,NaN,0.300,72,0
1905,53.151,93.347,0.289,1.573,3.003,-0.018,NaN,NaN,0.300,72,0
1906,53.182,93.407,0.289,1.573,3.003,-0.018,NaN,NaN,0.300,72,0
1907,53.214,93.467,0.289,1.573,3.003,-0.018,NaN,NaN,0.300,72,0
1908,53.245,93.527,0.288,1.573,3.003,-0.018,NaN,NaN,0.300,72,0
1909,53.277,93.587,0.288,1.573,3.003,-0.018,NaN,NaN,0.300,72,0
1910,53.308,93.647,0.288,1.573,3.003,-0.018,NaN,NaN,0.300,72,0
1911,53.340,93.707,0.287,1.573,3.003,-0.018,NaN,NaN,0.300,72,0
1912,53.371,93.767,0.287,1.573,3.003,-0.018,NaN,NaN,0.300,72,0
1913,53.403,93.827,0.286,1.573,3.003,-0.018,NaN,NaN,0.300,72,0
1914,53.434,93.887,0.286,1.573,3.003,-0.018,NaN,NaN,0.300,72,0
1915,53.466,93.947,0.286,1.573,3.003,-0.018,NaN,NaN,0.300,72,0
1916,53.497,94.007,0.285,1.573,3.003,-0.018,NaN,NaN,0.300,72,0
1917,53.528,94.067,0.285,1.573,3.003,-0.018,NaN,NaN,0.300,72,0
1918,53.560,94.127,0.285,1.573,3.003,-0.018,NaN,NaN,0.300,72,0
1919,53.591,94.187,0.284,1.573,3.003,-0.018,NaN,NaN,0.300,72,0
1920,53.623,94.247,0.284,1.573,3.003,-0.018,NaN,NaN,0.300,72,0
1921,53.654,94.308,0.283,1.573,3.003,-0.018,NaN,NaN,0.300,72,0
1922,53.686,94.368,0.283,1.573,3.003,-0.018,NaN,NaN,0.300,72,0
1923,53.717,94.428,0.283,1.573,3.003,-0.018,NaN,NaN,0.300,72,0
1924,53.749,94.488,0.282,1.573,3.003,-0.018,NaN,NaN,0.300,72,0
1925,53.780,94.548,0.282,1.573,3.003,-0.018,NaN,NaN,0.300,72,0
1926,53.812,94.608,0.282,1.573,3.003,-0.018,NaN,NaN,0.300,72,0
1927,53.843,94.668,0.281,1.573,3.003,-0.018,NaN,NaN,0.300,72,0
1928,53.875,94.728,0.281,1.573,3.003,-0.018,NaN,NaN,0.300,72,0
1929,53.906,94.788,0.281,1.573,3.003,-0.018,NaN,NaN,0.300,72,0
1930,53.938,94.848,0.280,1.573,3.003,-0.018,NaN,NaN,0.300,72,0
1931,53.969,94.908,0.280,1.573,3.003,-0.018,NaN,NaN,0.300,72,0
1932,54.000,94.968,0.279,1.573,3.003,-0.018,NaN,NaN,0.300,72,0
1933,54.032,95.028,0.279,1.573,3.003,-0.018,NaN,NaN,0.300,72,0
1934,54.063,95.088,0.279,1.573,3.003,-0.018,NaN,NaN,0.300,72,0
1935,54.095,95.148,0.278,1.573,3.003,-0.018,NaN,NaN,0.300,72,0
1936,54.126,95.208,0.278,1.574,3.001,-0.018,NaN,NaN,0.300,73,30
1937,54.158,95.268,0.278,1.574,2.999,-0.017,NaN,NaN,0.300,73,30
1938,54.189,95.328,0.277,1.574,2.996,-0.016,NaN,NaN,0.300,73,30
1939,54.221,95.388,0.277,1.574,2.994,-0.015,NaN,NaN,0.300,73,30
1940,54.252,95.448,0.277,1.574,2.992,-0.014,NaN,NaN,0.300,73,30
1941,54.284,95.508,0.276,1.574,2.989,-0.014,NaN,NaN,0.300,73,30
1942,54.315,95.568,0.276,1.575,2.987,-0.013,NaN,NaN,0.300,73,30
1943,54.347,95.628,0.276,1.575,2.985,-0.012,NaN,NaN,0.300,73,30
1944,54.378,95.687,0.276,1.575,2.983,-0.011,NaN,NaN,0.300,73,30
1945,54.410,95.747,0.275,1.575,2.980,-0.011,NaN,NaN,0.300,73,30
1946,54.441,95.806,0.275,1.575,2.978,-0.010,NaN,NaN,0.300,73,30
1947,54.473,95.866,0.275,1.576,2.976,-0.009,NaN,NaN,0.300,73,30
1948,54.504,95.926,0.275,1.576,2.973,-0.008,NaN,NaN,0.300,73,30
1949,54.536,95.985,0.275,1.576,2.971,-0.007,NaN,NaN,0.300,73,30
1950,54.567,96.044,0.274,1.576,2.969,-0.007,NaN,NaN,0.300,73,30
1951,54.599,96.104,0.274,1.576,2.969,-0.007,NaN,NaN,0.300,74,0
1952,54.630,96.163,0.274,1.576,2.969,-0.007,NaN,NaN,0.300,74,0
1953,54.662,96.223,0.274,1.576,2.969,-0.007,NaN,NaN,0.300,74,0
1954,54.693,96.282,0.274,1.576,2.969,-0.007,NaN,NaN,0.300,74,0
1955,54.725,96.341,0.274,1.576,2.969,-0.007,NaN,NaN,0.300,74,0
1956,54.756,96.401,0.274,1.576,2.969,-0.007,NaN,NaN,0.300,74,0
1957,54.788,96.460,0.274,1.576,2.969,-0.007,NaN,NaN,0.300,74,0
1958,54.819,96.519,0.273,1.576,2.969,-0.007,NaN,NaN,0.300,74,0
1959,54.851,96.579,0.273,1.576,2.969,-0.007,NaN,NaN,0.300,74,0
1960,54.882,96.638,0.273,1.576,2.969,-0.007,NaN,NaN,0.300,74,0
1961,54.914,96.698,0.273,1.576,2.969,-0.007,NaN,NaN,0.300,74,0
1962,54.946,96.757,0.273,1.576,2.969,-0.007,NaN,NaN,0.300,74,0
1963,54.977,96.816,0.273,1.576,2.969,-0.007,NaN,NaN,0.300,74,0
1964,55.009,96.876,0.273,1.576,2.969,-0.007,NaN,NaN,0.300,74,0
1965,55.040,96.935,0.272,1.576,2.969,-0.007,NaN,NaN,0.300,74,0
1966,55.072,96.995,0.272,1.576,2.969,-0.007,NaN,NaN,0.300,74,0
1967,55.103,97.054,0.272,1.576,2.969,-0.007,NaN,NaN,0.300,74,0
1968,55.135,97.113,0.272,1.576,2.969,-0.007,NaN,NaN,0.300,74,0
1969,55.166,97.173,0.272,1.576,2.969,-0.007,NaN,NaN,0.300,74,0
1970,55.198,97.232,0.272,1.576,2.969,-0.007,NaN,NaN,0.300,74,0
1971,55.229,97.291,0.272,1.576,2.969,-0.007,NaN,NaN,0.300,74,0
1972,55.261,97.351,0.272,1.576,2.969,-0.007,NaN,NaN,0.300,74,0
1973,55.292,97.410,0.271,1.576,2.969,-0.007,NaN,NaN,0.300,74,0
1974,55.324,97.470,0.271,1.576,2.969,-0.007,NaN,NaN,0.300,74,0
1975,55.355,97.529,0.271,1.576,2.969,-0.007,NaN,NaN,0.300,74,0
1976,55.387,97.588,0.271,1.576,2.969,-0.007,NaN,NaN,0.300,74,0
1977,55.418,97.648,0.271,1.576,2.969,-0.007,NaN,NaN,0.300,74,0
1978,55.450,97.707,0.271,1.576,2.969,-0.007,NaN,NaN,0.300,74,0
1979,55.481,97.766,0.271,1.576,2.969,-0.007,NaN,NaN,0.300,74,0
1980,55.513,97.826,0.270,1.576,2.969,-0.007,NaN,NaN,0.300,74,0
1981,55.544,97.885,0.270,1.576,2.969,-0.007,NaN,NaN,0.300,74,0
1982,55.576,97.945,0.270,1.576,2.969,-0.007,NaN,NaN,0.300,74,0
1983,55.607,98.004,0.270,1.576,2.969,-0.007,NaN,NaN,0.300,74,0
1984,55.639,98.063,0.270,1.576,2.969,-0.007,NaN,NaN,0.300,74,0
1985,55.671,98.123,0.270,1.576,2.969,-0.007,NaN,NaN,0.300,74,0
1986,55.702,98.182,0.270,1.576,2.969,-0.007,NaN,NaN,0.300,74,0
1987,55.734,98.242,0.270,1.576,2.969,-0.007,NaN,NaN,0.300,74,0
1988,55.765,98.301,0.269,1.576,2.969,-0.007,NaN,NaN,0.300,74,0
1989,55.797,98.360,0.269,1.576,2.969,-0.007,NaN,NaN,0.300,74,0
1990,55.828,98.420,0.269,1.576,2.969,-0.007,NaN,NaN,0.300,74,0
1991,55.860,98.479,0.269,1.576,2.969,-0.007,NaN,NaN,0.300,74,0
1992,55.891,98.538,0.269,1.576,2.969,-0.007,NaN,NaN,0.300,74,0
1993,55.923,98.598,0.269,1.576,2.969,-0.007,NaN,NaN,0.300,74,0
1994,55.954,98.657,0.269,1.576,2.969,-0.007,NaN,NaN,0.300,74,0
1995,55.986,98.717,0.269,1.576,2.969,-0.007,NaN,NaN,0.300,74,0
1996,56.017,98.776,0.268,1.576,2.969,-0.007,NaN,NaN,0.300,74,0
1997,56.049,98.835,0.268,1.576,2.969,-0.007,NaN,NaN,0.300,74,0
1998,56.080,98.895,0.268,1.576,2.969,-0.007,NaN,NaN,0.300,74,0
1999,56.112,98.954,0.268,1.576,2.969,-0.007,NaN,NaN,0.300,74,0
2000,56.143,99.013,0.268,1.576,2.969,-0.007,NaN,NaN,NaN,74,0
2001,56.175,99.073,0.268,1.576,2.969,-0.007,NaN,NaN,NaN,74,0
2002,56.206,99.132,0.268,1.576,2.969,-0.007,NaN,NaN,NaN,74,0
2003,56.238,99.192,0.267,1.576,2.969,-0.007,NaN,NaN,NaN,74,0
2004,56.269,99.251,0.267,1.576,2.969,-0.007,NaN,NaN,NaN,74,0
2005,56.301,99.310,0.267,1.576,2.969,-0.007,NaN,NaN,NaN,74,0
2006,56.332,99.370,0.267,1.576,2.969,-0.007,NaN,NaN,NaN,74,0
2007,56.364,99.429,0.267,1.576,2.969,-0.007,NaN,NaN,NaN,74,0
2008,56.395,99.488,0.267,1.576,2.969,-0.007,NaN,NaN,NaN,74,0
2009,56.427,99.548,0.267,1.576,2.969,-0.007,NaN,NaN,NaN,74,0
2010,56.459,99.607,0.267,1.576,2.969,-0.007,NaN,NaN,NaN,74,0
2011,56.490,99.667,0.266,1.576,2.969,-0.007,NaN,NaN,NaN,74,0
2012,56.522,99.726,0.266,1.576,2.969,-0.007,NaN,NaN,NaN,74,0
2013,56.553,99.785,0.266,1.576,2.969,-0.007,NaN,NaN,NaN,74,0
2014,56.585,99.845,0.266,1.576,2.969,-0.007,NaN,NaN,NaN,74,0
2015,56.616,99.904,0.266,1.576,2.969,-0.007,NaN,NaN,NaN,74,0
2016,56.648,99.964,0.266,1.576,2.969,-0.007,NaN,NaN,NaN,74,0
2017,56.679,100.023,0.266,1.576,2.969,-0.007,NaN,NaN,NaN,74,0
2018,56.711,100.082,0.265,1.576,2.969,-0.007,NaN,NaN,NaN,74,0
2019,56.742,100.142,0.265,1.576,2.969,-0.007,NaN,NaN,NaN,74,0
2020,56.774,100.201,0.265,1.576,2.969,-0.007,NaN,NaN,NaN,74,0
2021,56.805,100.260,0.265,1.576,2.969,-0.007,NaN,NaN,NaN,74,0
2022,56.837,100.320,0.265,1.576,2.969,-0.007,NaN,NaN,NaN,74,0
2023,56.868,100.379,0.265,1.576,2.969,-0.007,NaN,NaN,NaN,74,0
2024,56.900,100.439,0.265,1.576,2.969,-0.007,NaN,NaN,NaN,74,0
2025,56.931,100.498,0.265,1.576,2.969,-0.007,NaN,NaN,NaN,74,0
2026,56.963,100.557,0.264,1.576,2.969,-0.007,NaN,NaN,NaN,74,0
2027,56.994,100.617,0.264,1.576,2.969,-0.007,NaN,NaN,NaN,74,0
2028,57.026,100.676,0.264,1.576,2.969,-0.007,NaN,NaN,NaN,74,0
2029,57.057,100.735,0.264,1.576,2.969,-0.007,NaN,NaN,NaN,74,0
2030,57.089,100.795,0.264,1.576,2.969,-0.007,NaN,NaN,NaN,74,0
2031,57.120,100.854,0.264,1.576,2.969,-0.007,NaN,NaN,NaN,74,0
2032,57.152,100.914,0.264,1.576,2.969,-0.007,NaN,NaN,NaN,74,0
2033,57.184,100.973,0.263,1.576,2.969,-0.007,NaN,NaN,NaN,74,0
2034,57.215,101.032,0.263,1.576,2.969,-0.007,NaN,NaN,NaN,74,0
2035,57.247,101.092,0.263,1.576,2.969,-0.007,NaN,NaN,NaN,74,0
2036,57.278,101.151,0.263,1.576,2.969,-0.007,NaN,NaN,NaN,74,0
2037,57.310,101.210,0.263,1.576,2.969,-0.007,NaN,NaN,NaN,74,0
2038,57.341,101.270,0.263,1.576,2.969,-0.007,NaN,NaN,NaN,74,0
2039,57.373,101.329,0.263,1.576,2.969,-0.007,NaN,NaN,NaN,74,0
2040,57.404,101.389,0.263,1.576,2.969,-0.007,NaN,NaN,NaN,74,0
2041,57.436,101.448,0.262,1.576,2.969,-0.007,NaN,NaN,NaN,74,0
2042,57.467,101.507,0.262,1.576,2.969,-0.007,NaN,NaN,NaN,74,0
2043,57.499,101.567,0.262,1.576,2.969,-0.007,NaN,NaN,NaN,74,0
2044,57.530,101.626,0.262,1.576,2.969,-0.007,NaN,NaN,NaN,74,0
2045,57.562,101.686,0.262,1.576,2.969,-0.007,NaN,NaN,NaN,74,0
2046,57.593,101.745,0.262,1.576,2.969,-0.007,NaN,NaN,NaN,74,0
2047,57.625,101.804,0.262,1.576,2.969,-0.007,NaN,NaN,NaN,74,0
2048,57.656,101.864,0.262,1.576,2.969,-0.007,NaN,NaN,NaN,74,0
2049,57.688,101.923,0.261,1.576,2.969,-0.007,NaN,NaN,NaN,74,0
2050,57.719,101.982,0.261,1.576,2.969,-0.007,NaN,NaN,NaN,74,0
2051,57.751,102.042,0.261,1.576,2.969,-0.007,NaN,NaN,NaN,74,0
2052,57.782,102.101,0.261,1.576,2.969,-0.007,NaN,NaN,NaN,74,0
2053,57.814,102.161,0.261,1.576,2.969,-0.007,NaN,NaN,NaN,74,0
2054,57.845,102.220,0.261,1.576,2.969,-0.007,NaN,NaN,NaN,74,0
2055,57.877,102.279,0.261,1.576,2.969,-0.007,NaN,NaN,NaN,74,0
2056,57.908,102.339,0.260,1.576,2.969,-0.007,NaN,NaN,NaN,74,0
2057,57.940,102.398,0.260,1.576,2.969,-0.007,NaN,NaN,NaN,74,0
2058,57.972,102.457,0.260,1.576,2.969,-0.007,NaN,NaN,NaN,74,0
2059,58.003,102.517,0.260,1.576,2.969,-0.007,NaN,NaN,NaN,74,0
2060,58.035,102.576,0.260,1.576,2.969,-0.007,NaN,NaN,NaN,74,0
2061,58.066,102.636,0.260,1.576,2.969,-0.007,NaN,NaN,NaN,74,0
2062,58.098,102.695,0.260,1.576,2.969,-0.007,NaN,NaN,NaN,74,0
2063,58.129,102.754,0.260,1.576,2.969,-0.007,NaN,NaN,NaN,74,0
2064,58.161,102.814,0.259,1.576,2.969,-0.007,NaN,NaN,NaN,74,0
2065,58.192,102.873,0.259,1.576,2.969,-0.007,NaN,NaN,NaN,74,0
2066,58.224,102.932,0.259,1.576,2.969,-0.007,NaN,NaN,NaN,74,0
2067,58.255,102.992,0.259,1.576,2.969,-0.007,NaN,NaN,NaN,74,0
2068,58.287,103.051,0.259,1.576,2.969,-0.007,NaN,NaN,NaN,74,0
2069,58.318,103.111,0.259,1.576,2.969,-0.007,NaN,NaN,NaN,74,0
2070,58.350,103.170,0.259,1.576,2.969,-0.007,NaN,NaN,NaN,74,0
2071,58.381,103.229,0.258,1.576,2.969,-0.007,NaN,NaN,NaN,74,0
2072,58.413,103.289,0.258,1.576,2.969,-0.007,NaN,NaN,NaN,74,0
2073,58.444,103.348,0.258,1.576,2.969,-0.007,NaN,NaN,NaN,74,0
2074,58.476,103.408,0.258,1.576,2.969,-0.007,NaN,NaN,NaN,74,0
2075,58.507,103.467,0.258,1.576,2.969,-0.007,NaN,NaN,NaN,74,0
2076,58.539,103.526,0.258,1.576,2.969,-0.007,NaN,NaN,NaN,74,0
2077,58.570,103.586,0.258,1.576,2.969,-0.007,NaN,NaN,NaN,74,0
2078,58.602,103.645,0.258,1.576,2.969,-0.007,NaN,NaN,NaN,74,0
2079,58.633,103.704,0.257,1.576,2.969,-0.007,NaN,NaN,NaN,74,0
2080,58.665,103.764,0.257,1.576,2.969,-0.007,NaN,NaN,NaN,74,0
2081,58.697,103.823,0.257,1.576,2.969,-0.007,NaN,NaN,NaN,74,0
2082,58.728,103.883,0.257,1.576,2.969,-0.007,NaN,NaN,NaN,74,0
2083,58.760,103.942,0.257,1.576,2.969,-0.007,NaN,NaN,NaN,74,0
2084,58.791,104.001,0.257,1.576,2.969,-0.007,NaN,NaN,NaN,74,0
2085,58.823,104.061,0.257,1.576,2.969,-0.007,NaN,NaN,NaN,74,0
2086,58.854,104.120,0.256,1.576,2.969,-0.007,NaN,NaN,NaN,74,0
2087,58.886,104.179,0.256,1.576,2.969,-0.007,NaN,NaN,NaN,74,0
2088,58.917,104.239,0.256,1.576,2.969,-0.007,NaN,NaN,NaN,74,0
2089,58.949,104.298,0.256,1.576,2.969,-0.007,NaN,NaN,NaN,74,0
2090,58.980,104.358,0.256,1.576,2.969,-0.007,NaN,NaN,NaN,74,0
2091,59.012,104.417,0.256,1.576,2.969,-0.007,NaN,NaN,NaN,74,0
2092,59.043,104.476,0.256,1.576,2.969,-0.007,NaN,NaN,NaN,74,0
2093,59.075,104.536,0.256,1.576,2.969,-0.007,NaN,NaN,NaN,74,0
2094,59.106,104.595,0.255,1.576,2.969,-0.007,NaN,NaN,NaN,74,0
2095,59.138,104.654,0.255,1.576,2.969,-0.007,NaN,NaN,NaN,74,0
2096,59.169,104.714,0.255,1.576,2.969,-0.007,NaN,NaN,NaN,74,0
2097,59.201,104.773,0.255,1.576,2.969,-0.007,NaN,NaN,NaN,74,0
2098,59.232,104.833,0.255,1.576,2.969,-0.007,NaN,NaN,NaN,74,0
2099,59.264,104.892,0.255,1.576,2.969,-0.007,NaN,NaN,NaN,74,0
2100,59.295,104.951,0.255,1.576,2.969,-0.007,NaN,NaN,NaN,74,0
2101,59.327,105.011,0.254,1.576,2.969,-0.007,NaN,NaN,NaN,74,0
2102,59.358,105.070,0.254,1.576,2.969,-0.007,NaN,NaN,NaN,74,0
2103,59.390,105.130,0.254,1.576,2.969,-0.007,NaN,NaN,NaN,74,0
2104,59.421,105.189,0.254,1.576,2.969,-0.007,NaN,NaN,NaN,74,0
2105,59.453,105.248,0.254,1.576,2.969,-0.007,NaN,NaN,NaN,74,0
2106,59.485,105.308,0.254,1.576,2.969,-0.007,NaN,NaN,NaN,74,0
2107,59.516,105.367,0.254,1.576,2.969,-0.007,NaN,NaN,NaN,74,0
2108,59.548,105.426,0.254,1.576,2.969,-0.007,NaN,NaN,NaN,74,0
2109,59.579,105.486,0.253,1.576,2.969,-0.007,NaN,NaN,NaN,74,0
2110,59.611,105.545,0.253,1.576,2.969,-0.007,NaN,NaN,NaN,74,0
2111,59.642,105.605,0.253,1.576,2.969,-0.007,NaN,NaN,NaN,74,0
2112,59.674,105.664,0.253,1.576,2.969,-0.007,NaN,NaN,NaN,74,0
2113,59.705,105.723,0.253,1.576,2.969,-0.007,NaN,NaN,NaN,74,0
2114,59.737,105.783,0.253,1.576,2.969,-0.007,NaN,NaN,NaN,74,0
2115,59.768,105.842,0.253,1.576,2.969,-0.007,NaN,NaN,NaN,74,0
2116,59.800,105.901,0.253,1.576,2.969,-0.007,NaN,NaN,NaN,74,0
2117,59.831,105.961,0.252,1.576,2.969,-0.007,NaN,NaN,NaN,74,0
2118,59.863,106.020,0.252,1.576,2.969,-0.007,NaN,NaN,NaN,74,0
2119,59.894,106.080,0.252,1.576,2.969,-0.007,NaN,NaN,NaN,74,0
2120,59.926,106.139,0.252,1.576,2.969,-0.007,NaN,NaN,NaN,74,0
2121,59.957,106.198,0.252,1.576,2.969,-0.007,NaN,NaN,NaN,74,0
2122,59.989,106.258,0.252,1.576,2.969,-0.007,NaN,NaN,NaN,74,0
2123,60.020,106.317,0.252,1.576,2.969,-0.007,NaN,NaN,NaN,74,0
2124,60.052,106.377,0.251,1.576,2.969,-0.007,NaN,NaN,NaN,74,0
2125,60.083,106.436,0.251,1.576,2.969,-0.007,NaN,NaN,NaN,74,0
2126,60.115,106.495,0.251,1.576,2.969,-0.007,NaN,NaN,NaN,74,0
2127,60.146,106.555,0.251,1.576,2.969,-0.007,NaN,NaN,NaN,74,0
2128,60.178,106.614,0.251,1.576,2.969,-0.007,NaN,NaN,NaN,74,0
2129,60.210,106.673,0.251,1.576,2.969,-0.007,NaN,NaN,NaN,74,0
2130,60.241,106.733,0.251,1.576,2.969,-0.007,NaN,NaN,NaN,74,0
2131,60.273,106.792,0.251,1.576,2.969,-0.007,NaN,NaN,NaN,74,0
2132,60.304,106.852,0.250,1.576,2.969,-0.007,NaN,NaN,NaN,74,0
2133,60.336,106.911,0.250,1.576,2.969,-0.007,NaN,NaN,NaN,74,0
2134,60.367,106.970,0.250,1.576,2.969,-0.007,NaN,NaN,NaN,74,0
2135,60.399,107.030,0.250,1.576,2.969,-0.007,NaN,NaN,NaN,74,0
2136,60.430,107.089,0.250,1.576,2.969,-0.007,NaN,NaN,NaN,74,0
2137,60.462,107.148,0.250,1.576,2.969,-0.007,NaN,NaN,NaN,74,0
2138,60.493,107.208,0.250,1.576,2.969,-0.007,NaN,NaN,NaN,74,0
2139,60.525,107.267,0.249,1.576,2.969,-0.007,NaN,NaN,NaN,74,0
2140,60.556,107.327,0.249,1.576,2.969,-0.007,NaN,NaN,NaN,74,0
2141,60.588,107.386,0.249,1.576,2.969,-0.007,NaN,NaN,NaN,74,0
2142,60.619,107.445,0.249,1.576,2.969,-0.007,NaN,NaN,NaN,74,0
2143,60.651,107.505,0.249,1.576,2.969,-0.007,NaN,NaN,NaN,74,0
2144,60.682,107.564,0.249,1.576,2.969,-0.007,NaN,NaN,NaN,74,0
2145,60.714,107.623,0.249,1.576,2.969,-0.007,NaN,NaN,NaN,74,0
2146,60.745,107.683,0.249,1.576,2.969,-0.007,NaN,NaN,NaN,74,0
2147,60.777,107.742,0.248,1.576,2.969,-0.007,NaN,NaN,NaN,74,0
2148,60.808,107.802,0.248,1.576,2.969,-0.007,NaN,NaN,NaN,74,0
2149,60.840,107.861,0.248,1.576,2.969,-0.007,NaN,NaN,NaN,74,0
2150,60.871,107.920,0.248,1.576,2.969,-0.007,NaN,NaN,NaN,74,0
2151,60.903,107.980,0.248,1.576,2.969,-0.007,NaN,NaN,NaN,74,0
2152,60.934,108.039,0.248,1.576,2.969,-0.007,NaN,NaN,NaN,74,0
2153,60.966,108.099,0.248,1.576,2.969,-0.007,NaN,NaN,NaN,74,0
2154,60.998,108.158,0.247,1.576,2.969,-0.007,NaN,NaN,NaN,74,0
2155,61.029,108.217,0.247,1.576,2.969,-0.007,NaN,NaN,NaN,74,0
2156,61.061,108.277,0.247,1.576,2.969,-0.007,NaN,NaN,NaN,74,0
2157,61.092,108.336,0.247,1.576,2.969,-0.007,NaN,NaN,NaN,74,0
2158,61.124,108.395,0.247,1.576,2.969,-0.007,NaN,NaN,NaN,74,0
2159,61.155,108.455,0.247,1.576,2.969,-0.007,NaN,NaN,NaN,74,0
2160,61.187,108.514,0.247,1.576,2.969,-0.007,NaN,NaN,NaN,74,0
2161,61.218,108.574,0.247,1.576,2.969,-0.007,NaN,NaN,NaN,74,0
2162,61.250,108.633,0.246,1.576,2.969,-0.007,NaN,NaN,NaN,74,0
2163,61.281,108.692,0.246,1.576,2.969,-0.007,NaN,NaN,NaN,74,0
2164,61.313,108.752,0.246,1.576,2.969,-0.007,NaN,NaN,NaN,74,0
2165,61.344,108.811,0.246,1.576,2.969,-0.007,NaN,NaN,NaN,74,0
2166,61.376,108.870,0.246,1.576,2.969,-0.007,NaN,NaN,NaN,74,0
2167,61.407,108.930,0.246,1.576,2.969,-0.007,NaN,NaN,NaN,74,0
2168,61.439,108.989,0.246,1.576,2.969,-0.007,NaN,NaN,NaN,74,0
2169,61.470,109.049,0.246,1.576,2.969,-0.007,NaN,NaN,NaN,74,0
2170,61.502,109.108,0.245,1.576,2.969,-0.007,NaN,NaN,NaN,74,0
2171,61.533,109.167,0.245,1.576,2.969,-0.007,NaN,NaN,NaN,74,0
2172,61.565,109.227,0.245,1.576,2.969,-0.007,NaN,NaN,NaN,74,0
2173,61.596,109.286,0.245,1.576,2.969,-0.007,NaN,NaN,NaN,74,0
2174,61.628,109.345,0.245,1.576,2.969,-0.007,NaN,NaN,NaN,74,0
2175,61.659,109.405,0.245,1.576,2.969,-0.007,NaN,NaN,NaN,74,0
2176,61.691,109.464,0.245,1.576,2.969,-0.007,NaN,NaN,NaN,74,0
2177,61.723,109.524,0.244,1.576,2.969,-0.007,NaN,NaN,NaN,74,0
2178,61.754,109.583,0.244,1.576,2.969,-0.007,NaN,NaN,NaN,74,0
2179,61.786,109.642,0.244,1.576,2.969,-0.007,NaN,NaN,NaN,74,0
2180,61.817,109.702,0.244,1.576,2.969,-0.007,NaN,NaN,NaN,74,0
2181,61.849,109.761,0.244,1.576,2.969,-0.007,NaN,NaN,NaN,74,0
2182,61.880,109.821,0.244,1.576,2.969,-0.007,NaN,NaN,NaN,74,0
2183,61.912,109.880,0.244,1.576,2.969,-0.007,NaN,NaN,NaN,74,0
2184,61.943,109.939,0.244,1.576,2.969,-0.007,NaN,NaN,NaN,74,0
2185,61.975,109.999,0.243,1.576,2.969,-0.007,NaN,NaN,NaN,74,0
2186,62.006,110.058,0.243,1.576,2.969,-0.007,NaN,NaN,NaN,74,0
2187,62.038,110.117,0.243,1.576,2.969,-0.007,NaN,NaN,NaN,74,0
2188,62.069,110.177,0.243,1.576,2.969,-0.007,NaN,NaN,NaN,74,0
2189,62.101,110.236,0.243,1.576,2.969,-0.007,NaN,NaN,NaN,74,0
2190,62.132,110.296,0.243,1.576,2.969,-0.007,NaN,NaN,NaN,74,0
2191,62.164,110.355,0.243,1.576,2.969,-0.007,NaN,NaN,NaN,74,0
2192,62.195,110.414,0.242,1.576,2.969,-0.007,NaN,NaN,NaN,74,0
2193,62.227,110.474,0.242,1.576,2.969,-0.007,NaN,NaN,NaN,74,0
2194,62.258,110.533,0.242,1.576,2.969,-0.007,NaN,NaN,NaN,74,0
2195,62.290,110.592,0.242,1.576,2.969,-0.007,NaN,NaN,NaN,74,0
2196,62.321,110.652,0.242,1.576,2.969,-0.007,NaN,NaN,NaN,74,0
2197,62.353,110.711,0.242,1.576,2.969,-0.007,NaN,NaN,NaN,74,0
2198,62.384,110.771,0.242,1.576,2.969,-0.007,NaN,NaN,NaN,74,0
2199,62.416,110.830,0.242,1.576,2.969,-0.007,NaN,NaN,NaN,74,0
2200,62.447,110.889,0.241,1.576,2.969,-0.007,NaN,NaN,NaN,74,0
2201,62.479,110.949,0.241,1.576,2.969,-0.007,NaN,NaN,NaN,74,0
2202,62.511,111.008,0.241,1.576,2.969,-0.007,NaN,NaN,NaN,74,0
2203,62.542,111.067,0.241,1.576,2.969,-0.007,NaN,NaN,NaN,74,0
2204,62.574,111.127,0.241,1.576,2.969,-0.007,NaN,NaN,NaN,74,0
2205,62.605,111.186,0.241,1.576,2.969,-0.007,NaN,NaN,NaN,74,0
2206,62.637,111.246,0.241,1.576,2.969,-0.007,NaN,NaN,NaN,74,0
2207,62.668,111.305,0.240,1.576,2.969,-0.007,NaN,NaN,NaN,74,0
2208,62.700,111.364,0.240,1.576,2.969,-0.007,NaN,NaN,NaN,74,0
2209,62.731,111.424,0.240,1.576,2.969,-0.007,NaN,NaN,NaN,74,0
2210,62.763,111.483,0.240,1.576,2.969,-0.007,NaN,NaN,NaN,74,0
2211,62.794,111.543,0.240,1.576,2.969,-0.007,NaN,NaN,NaN,74,0
2212,62.826,111.602,0.240,1.576,2.969,-0.007,NaN,NaN,NaN,74,0
2213,62.857,111.661,0.240,1.576,2.969,-0.007,NaN,NaN,NaN,74,0
2214,62.889,111.721,0.240,1.576,2.969,-0.007,NaN,NaN,NaN,74,0
2215,62.920,111.780,0.239,1.576,2.969,-0.007,NaN,NaN,NaN,74,0
2216,62.952,111.839,0.239,1.576,2.969,-0.007,NaN,NaN,NaN,74,0
2217,62.983,111.899,0.239,1.576,2.969,-0.007,NaN,NaN,NaN,74,0
2218,63.015,111.958,0.239,1.576,2.969,-0.007,NaN,NaN,NaN,74,0
2219,63.046,112.018,0.239,1.576,2.969,-0.007,NaN,NaN,NaN,74,0
2220,63.078,112.077,0.239,1.576,2.969,-0.007,NaN,NaN,NaN,74,0
2221,63.109,112.136,0.239,1.576,2.969,-0.007,NaN,NaN,NaN,74,0
2222,63.141,112.196,0.238,1.576,2.969,-0.007,NaN,NaN,NaN,74,0
2223,63.172,112.255,0.238,1.576,2.969,-0.007,NaN,NaN,NaN,74,0
2224,63.204,112.314,0.238,1.576,2.969,-0.007,NaN,NaN,NaN,74,0
2225,63.236,112.374,0.238,1.576,2.969,-0.007,NaN,NaN,NaN,74,0
2226,63.267,112.433,0.238,1.576,2.969,-0.007,NaN,NaN,NaN,74,0
2227,63.299,112.493,0.238,1.576,2.969,-0.007,NaN,NaN,NaN,74,0
2228,63.330,112.552,0.238,1.576,2.969,-0.007,NaN,NaN,NaN,74,0
2229,63.362,112.611,0.238,1.576,2.969,-0.007,NaN,NaN,NaN,74,0
2230,63.393,112.671,0.237,1.576,2.969,-0.007,NaN,NaN,NaN,74,0
2231,63.425,112.730,0.237,1.576,2.969,-0.007,NaN,NaN,NaN,74,0
2232,63.456,112.789,0.237,1.576,2.969,-0.007,NaN,NaN,NaN,74,0
2233,63.488,112.849,0.237,1.576,2.969,-0.007,NaN,NaN,NaN,74,0
2234,63.519,112.908,0.237,1.576,2.969,-0.007,NaN,NaN,NaN,74,0
2235,63.551,112.968,0.237,1.576,2.969,-0.007,NaN,NaN,NaN,74,0
2236,63.582,113.027,0.237,1.576,2.969,-0.007,NaN,NaN,NaN,74,0
2237,63.614,113.086,0.237,1.576,2.969,-0.007,NaN,NaN,NaN,74,0
2238,63.645,113.146,0.236,1.576,2.969,-0.007,NaN,NaN,NaN,74,0
2239,63.677,113.205,0.236,1.576,2.969,-0.007,NaN,NaN,NaN,74,0
2240,63.708,113.265,0.236,1.576,2.969,-0.007,NaN,NaN,NaN,74,0
2241,63.740,113.324,0.236,1.576,2.969,-0.007,NaN,NaN,NaN,74,0
2242,63.771,113.383,0.236,1.576,2.969,-0.007,NaN,NaN,NaN,74,0
2243,63.803,113.443,0.236,1.576,2.969,-0.007,NaN,NaN,NaN,74,0
2244,63.834,113.502,0.236,1.576,2.969,-0.007,NaN,NaN,NaN,74,0
2245,63.866,113.561,0.235,1.576,2.969,-0.007,NaN,NaN,NaN,74,0
2246,63.897,113.621,0.235,1.576,2.969,-0.007,NaN,NaN,NaN,74,0
2247,63.929,113.680,0.235,1.576,2.969,-0.007,NaN,NaN,NaN,74,0
2248,63.960,113.740,0.235,1.576,2.969,-0.007,NaN,NaN,NaN,74,0
2249,63.992,113.799,0.235,1.576,2.969,-0.007,NaN,NaN,NaN,74,0
2250,64.024,113.858,0.235,1.576,2.969,-0.007,NaN,NaN,NaN,74,0
2251,64.055,113.918,0.235,1.576,2.969,-0.007,NaN,NaN,NaN,74,0
2252,64.087,113.977,0.235,1.576,2.969,-0.007,NaN,NaN,NaN,74,0
2253,64.118,114.036,0.234,1.576,2.969,-0.007,NaN,NaN,NaN,74,0
2254,64.150,114.096,0.234,1.576,2.969,-0.007,NaN,NaN,NaN,74,0
2255,64.181,114.155,0.234,1.576,2.969,-0.007,NaN,NaN,NaN,74,0
2256,64.213,114.215,0.234,1.576,2.969,-0.007,NaN,NaN,NaN,74,0
2257,64.244,114.274,0.234,1.576,2.969,-0.007,NaN,NaN,NaN,74,0
2258,64.276,114.333,0.234,1.576,2.969,-0.007,NaN,NaN,NaN,74,0
2259,64.307,114.393,0.234,1.576,2.969,-0.007,NaN,NaN,NaN,74,0
2260,64.339,114.452,0.233,1.576,2.969,-0.007,NaN,NaN,NaN,74,0
2261,64.370,114.512,0.233,1.576,2.969,-0.007,NaN,NaN,NaN,74,0
2262,64.402,114.571,0.233,1.576,2.969,-0.007,NaN,NaN,NaN,74,0
2263,64.433,114.630,0.233,1.576,2.969,-0.007,NaN,NaN,NaN,74,0
2264,64.465,114.690,0.233,1.576,2.969,-0.007,NaN,NaN,NaN,74,0
2265,64.496,114.749,0.233,1.576,2.969,-0.007,NaN,NaN,NaN,74,0
2266,64.528,114.808,0.233,1.576,2.969,-0.007,NaN,NaN,NaN,74,0
2267,64.559,114.868,0.233,1.576,2.969,-0.007,NaN,NaN,NaN,74,0
2268,64.591,114.927,0.232,1.576,2.969,-0.007,NaN,NaN,NaN,74,0
2269,64.622,114.987,0.232,1.576,2.969,-0.007,NaN,NaN,NaN,74,0
2270,64.654,115.046,0.232,1.576,2.969,-0.007,NaN,NaN,NaN,74,0
2271,64.686,115.105,0.232,1.576,2.969,-0.007,NaN,NaN,NaN,74,0
2272,64.717,115.165,0.232,1.576,2.969,-0.007,NaN,NaN,NaN,74,0
2273,64.749,115.224,0.232,1.576,2.969,-0.007,NaN,NaN,NaN,74,0
2274,64.780,115.283,0.232,1.576,2.969,-0.007,NaN,NaN,NaN,74,0
2275,64.812,115.343,0.231,1.576,2.969,-0.007,NaN,NaN,NaN,74,0
2276,64.843,115.402,0.231,1.576,2.969,-0.007,NaN,NaN,NaN,74,0
2277,64.875,115.462,0.231,1.576,2.969,-0.007,NaN,NaN,NaN,74,0
2278,64.906,115.521,0.231,1.576,2.969,-0.007,NaN,NaN,NaN,74,0
2279,64.938,115.580,0.231,1.576,2.969,-0.007,NaN,NaN,NaN,74,0
2280,64.969,115.640,0.231,1.576,2.969,-0.007,NaN,NaN,NaN,74,0
2281,65.001,115.699,0.231,1.576,2.969,-0.007,NaN,NaN,NaN,74,0
2282,65.032,115.758,0.231,1.576,2.969,-0.007,NaN,NaN,NaN,74,0
2283,65.064,115.818,0.230,1.576,2.969,-0.007,NaN,NaN,NaN,74,0
2284,65.095,115.877,0.230,1.576,2.969,-0.007,NaN,NaN,NaN,74,0
2285,65.127,115.937,0.230,1.576,2.969,-0.007,NaN,NaN,NaN,74,0
2286,65.158,115.996,0.230,1.576,2.969,-0.007,NaN,NaN,NaN,74,0
2287,65.190,116.055,0.230,1.576,2.969,-0.007,NaN,NaN,NaN,74,0
2288,65.221,116.115,0.230,1.576,2.969,-0.007,NaN,NaN,NaN,74,0
2289,65.253,116.174,0.230,1.576,2.969,-0.007,NaN,NaN,NaN,74,0
2290,65.285,116.234,0.230,1.576,2.969,-0.007,NaN,NaN,NaN,74,0
2291,65.316,116.293,0.229,1.576,2.969,-0.007,NaN,NaN,NaN,74,0
2292,65.348,116.352,0.229,1.576,2.969,-0.007,NaN,NaN,NaN,74,0
2293,65.379,116.412,0.229,1.576,2.969,-0.007,NaN,NaN,NaN,74,0
2294,65.411,116.471,0.229,1.576,2.969,-0.007,NaN,NaN,NaN,74,0
2295,65.442,116.530,0.229,1.576,2.969,-0.007,NaN,NaN,NaN,74,0
2296,65.474,116.590,0.229,1.576,2.969,-0.007,NaN,NaN,NaN,74,0
2297,65.505,116.649,0.229,1.576,2.969,-0.007,NaN,NaN,NaN,74,0
2298,65.537,116.709,0.228,1.576,2.969,-0.007,NaN,NaN,NaN,74,0
2299,65.568,116.768,0.228,1.576,2.969,-0.007,NaN,NaN,NaN,74,0
2300,65.600,116.827,0.228,1.576,2.969,-0.007,NaN,NaN,NaN,74,0
2301,65.631,116.887,0.228,1.576,2.969,-0.007,NaN,NaN,NaN,74,0
2302,65.663,116.946,0.228,1.576,2.969,-0.007,NaN,NaN,NaN,74,0
2303,65.694,117.005,0.228,1.576,2.969,-0.007,NaN,NaN,NaN,74,0
2304,65.726,117.065,0.228,1.576,2.969,-0.007,NaN,NaN,NaN,74,0
2305,65.757,117.124,0.228,1.576,2.969,-0.007,NaN,NaN,NaN,74,0
2306,65.789,117.184,0.227,1.576,2.969,-0.007,NaN,NaN,NaN,74,0
2307,65.820,117.243,0.227,1.576,2.969,-0.007,NaN,NaN,NaN,74,0
2308,65.852,117.302,0.227,1.576,2.969,-0.007,NaN,NaN,NaN,74,0
2309,65.883,117.362,0.227,1.576,2.969,-0.007,NaN,NaN,NaN,74,0
2310,65.915,117.421,0.227,1.576,2.969,-0.007,NaN,NaN,NaN,74,0
2311,65.947,117.480,0.227,1.576,2.969,-0.007,NaN,NaN,NaN,74,0
2312,65.978,117.540,0.227,1.576,2.969,-0.007,NaN,NaN,NaN,74,0
2313,66.010,117.599,0.226,1.576,2.969,-0.007,NaN,NaN,NaN,74,0
2314,66.041,117.659,0.226,1.576,2.969,-0.007,NaN,NaN,NaN,74,0
2315,66.073,117.718,0.226,1.576,2.969,-0.007,NaN,NaN,NaN,74,0
2316,66.104,117.777,0.226,1.576,2.969,-0.007,NaN,NaN,NaN,74,0
2317,66.136,117.837,0.226,1.576,2.969,-0.007,NaN,NaN,NaN,74,0
2318,66.167,117.896,0.226,1.576,2.969,-0.007,NaN,NaN,NaN,74,0
2319,66.199,117.956,0.226,1.576,2.969,-0.007,NaN,NaN,NaN,74,0
2320,66.230,118.015,0.226,1.576,2.969,-0.007,NaN,NaN,NaN,74,0
2321,66.262,118.074,0.225,1.576,2.969,-0.007,NaN,NaN,NaN,74,0
2322,66.293,118.134,0.225,1.576,2.969,-0.007,NaN,NaN,NaN,74,0
2323,66.325,118.193,0.225,1.576,2.969,-0.007,NaN,NaN,NaN,74,0
2324,66.356,118.252,0.225,1.576,2.969,-0.007,NaN,NaN,NaN,74,0
2325,66.388,118.312,0.225,1.576,2.969,-0.007,NaN,NaN,NaN,74,0
2326,66.419,118.371,0.225,1.576,2.969,-0.007,NaN,NaN,NaN,74,0
2327,66.451,118.431,0.225,1.576,2.969,-0.007,NaN,NaN,NaN,74,0
2328,66.482,118.490,0.224,1.576,2.969,-0.007,NaN,NaN,NaN,74,0
2329,66.514,118.549,0.224,1.576,2.969,-0.007,NaN,NaN,NaN,74,0
2330,66.546,118.609,0.224,1.576,2.969,-0.007,NaN,NaN,NaN,74,0
2331,66.577,118.668,0.224,1.576,2.969,-0.007,NaN,NaN,NaN,74,0
2332,66.609,118.727,0.224,1.576,2.969,-0.007,NaN,NaN,NaN,74,0
2333,66.640,118.787,0.224,1.576,2.969,-0.007,NaN,NaN,NaN,74,0
2334,66.672,118.846,0.224,1.576,2.969,-0.007,NaN,NaN,NaN,74,0
2335,66.703,118.906,0.224,1.576,2.969,-0.007,NaN,NaN,NaN,74,0
2336,66.735,118.965,0.223,1.576,2.969,-0.007,NaN,NaN,NaN,74,0
2337,66.766,119.024,0.223,1.576,2.969,-0.007,NaN,NaN,NaN,74,0
2338,66.798,119.084,0.223,1.576,2.969,-0.007,NaN,NaN,NaN,74,0
2339,66.829,119.143,0.223,1.576,2.969,-0.007,NaN,NaN,NaN,74,0
2340,66.861,119.202,0.223,1.576,2.969,-0.007,NaN,NaN,NaN,74,0
2341,66.892,119.262,0.223,1.576,2.969,-0.007,NaN,NaN,NaN,74,0
2342,66.924,119.321,0.223,1.576,2.969,-0.007,NaN,NaN,NaN,74,0
2343,66.955,119.381,0.222,1.576,2.969,-0.007,NaN,NaN,NaN,74,0
2344,66.987,119.440,0.222,1.576,2.969,-0.007,NaN,NaN,NaN,74,0
2345,67.018,119.499,0.222,1.576,2.969,-0.007,NaN,NaN,NaN,74,0
2346,67.050,119.559,0.222,1.576,2.969,-0.007,NaN,NaN,NaN,74,0
2347,67.081,119.618,0.222,1.576,2.969,-0.007,NaN,NaN,NaN,74,0
2348,67.113,119.678,0.222,1.576,2.969,-0.007,NaN,NaN,NaN,74,0
2349,67.144,119.737,0.222,1.576,2.969,-0.007,NaN,NaN,NaN,74,0
2350,67.176,119.796,0.222,1.576,2.969,-0.007,NaN,NaN,NaN,74,0
2351,67.208,119.856,0.221,1.576,2.969,-0.007,NaN,NaN,NaN,74,0
2352,67.239,119.915,0.221,1.576,2.969,-0.007,NaN,NaN,NaN,74,0
2353,67.271,119.974,0.221,1.576,2.969,-0.007,NaN,NaN,NaN,74,0
2354,67.302,120.034,0.221,1.576,2.969,-0.007,NaN,NaN,NaN,74,0
2355,67.334,120.093,0.221,1.576,2.969,-0.007,NaN,NaN,NaN,74,0
2356,67.365,120.153,0.221,1.576,2.969,-0.007,NaN,NaN,NaN,74,0
2357,67.397,120.212,0.221,1.576,2.969,-0.007,NaN,NaN,NaN,74,0
2358,67.428,120.271,0.221,1.576,2.969,-0.007,NaN,NaN,NaN,74,0
2359,67.460,120.331,0.220,1.576,2.969,-0.007,NaN,NaN,NaN,74,0
2360,67.491,120.390,0.220,1.576,2.969,-0.007,NaN,NaN,NaN,74,0
2361,67.523,120.449,0.220,1.576,2.969,-0.007,NaN,NaN,NaN,74,0
2362,67.554,120.509,0.220,1.576,2.969,-0.007,NaN,NaN,NaN,74,0
2363,67.586,120.568,0.220,1.576,2.969,-0.007,NaN,NaN,NaN,74,0
2364,67.617,120.628,0.220,1.576,2.969,-0.007,NaN,NaN,NaN,74,0
2365,67.649,120.687,0.220,1.576,2.969,-0.007,NaN,NaN,NaN,74,0
2366,67.680,120.746,0.219,1.576,2.969,-0.007,NaN,NaN,NaN,74,0
2367,67.712,120.806,0.219,1.576,2.969,-0.007,NaN,NaN,NaN,74,0
2368,67.743,120.865,0.219,1.576,2.969,-0.007,NaN,NaN,NaN,74,0
2369,67.775,120.924,0.219,1.576,2.969,-0.007,NaN,NaN,NaN,74,0
2370,67.806,120.984,0.219,1.576,2.969,-0.007,NaN,NaN,NaN,74,0
2371,67.838,121.043,0.219,1.576,2.969,-0.007,NaN,NaN,NaN,74,0
2372,67.870,121.103,0.219,1.576,2.969,-0.007,NaN,NaN,NaN,74,0
2373,67.901,121.162,0.219,1.576,2.969,-0.007,NaN,NaN,NaN,74,0
2374,67.933,121.221,0.218,1.576,2.969,-0.007,NaN,NaN,NaN,74,0
2375,67.964,121.281,0.218,1.576,2.969,-0.007,NaN,NaN,NaN,74,0
2376,67.996,121.340,0.218,1.576,2.969,-0.007,NaN,NaN,NaN,74,0
2377,68.027,121.400,0.218,1.576,2.969,-0.007,NaN,NaN,NaN,74,0
2378,68.059,121.459,0.218,1.576,2.969,-0.007,NaN,NaN,NaN,74,0
2379,68.090,121.518,0.218,1.576,2.969,-0.007,NaN,NaN,NaN,74,0
2380,68.122,121.578,0.218,1.576,2.969,-0.007,NaN,NaN,NaN,74,0
2381,68.153,121.637,0.217,1.576,2.969,-0.007,NaN,NaN,NaN,74,0
2382,68.185,121.696,0.217,1.576,2.969,-0.007,NaN,NaN,NaN,74,0
2383,68.216,121.756,0.217,1.576,2.969,-0.007,NaN,NaN,NaN,74,0
2384,68.248,121.815,0.217,1.576,2.969,-0.007,NaN,NaN,NaN,74,0
2385,68.279,121.875,0.217,1.576,2.969,-0.007,NaN,NaN,NaN,74,0
2386,68.311,121.934,0.217,1.576,2.969,-0.007,NaN,NaN,NaN,74,0
2387,68.342,121.993,0.217,1.576,2.969,-0.007,NaN,NaN,NaN,74,0
2388,68.374,122.053,0.217,1.576,2.969,-0.007,NaN,NaN,NaN,74,0
2389,68.405,122.112,0.216,1.576,2.969,-0.007,NaN,NaN,NaN,74,0
2390,68.437,122.171,0.216,1.576,2.969,-0.007,NaN,NaN,NaN,74,0
2391,68.469,122.231,0.216,1.576,2.969,-0.007,NaN,NaN,NaN,74,0
2392,68.500,122.290,0.216,1.576,2.969,-0.007,NaN,NaN,NaN,74,0
2393,68.532,122.350,0.216,1.576,2.969,-0.007,NaN,NaN,NaN,74,0
2394,68.563,122.409,0.216,1.576,2.969,-0.007,NaN,NaN,NaN,74,0
2395,68.595,122.468,0.216,1.576,2.969,-0.007,NaN,NaN,NaN,74,0
2396,68.626,122.528,0.215,1.576,2.969,-0.007,NaN,NaN,NaN,74,0
2397,68.658,122.587,0.215,1.576,2.969,-0.007,NaN,NaN,NaN,74,0
2398,68.689,122.647,0.215,1.576,2.969,-0.007,NaN,NaN,NaN,74,0
2399,68.721,122.706,0.215,1.576,2.969,-0.007,NaN,NaN,NaN,74,0
2400,68.752,122.765,0.215,1.576,2.969,-0.007,NaN,NaN,NaN,74,0
2401,68.784,122.825,0.215,1.576,2.969,-0.007,NaN,NaN,NaN,74,0
2402,68.815,122.884,0.215,1.576,2.969,-0.007,NaN,NaN,NaN,74,0
2403,68.847,122.943,0.215,1.576,2.969,-0.007,NaN,NaN,NaN,74,0
2404,68.878,123.003,0.214,1.576,2.969,-0.007,NaN,NaN,NaN,74,0
2405,68.910,123.062,0.214,1.576,2.969,-0.007,NaN,NaN,NaN,74,0
2406,68.941,123.122,0.214,1.576,2.969,-0.007,NaN,NaN,NaN,74,0
2407,68.973,123.181,0.214,1.576,2.969,-0.007,NaN,NaN,NaN,74,0
2408,69.004,123.240,0.214,1.576,2.969,-0.007,NaN,NaN,NaN,74,0
2409,69.036,123.300,0.214,1.576,2.969,-0.007,NaN,NaN,NaN,74,0
2410,69.067,123.359,0.214,1.576,2.969,-0.007,NaN,NaN,NaN,74,0
2411,69.099,123.418,0.214,1.576,2.969,-0.007,NaN,NaN,NaN,74,0
2412,69.131,123.478,0.213,1.576,2.969,-0.007,NaN,NaN,NaN,74,0
2413,69.162,123.537,0.213,1.576,2.969,-0.007,NaN,NaN,NaN,74,0
2414,69.194,123.597,0.213,1.576,2.969,-0.007,NaN,NaN,NaN,74,0
2415,69.225,123.656,0.213,1.576,2.969,-0.007,NaN,NaN,NaN,74,0
2416,69.257,123.715,0.213,1.576,2.969,-0.007,NaN,NaN,NaN,74,0
2417,69.288,123.775,0.213,1.576,2.969,-0.007,NaN,NaN,NaN,74,0
2418,69.320,123.834,0.213,1.576,2.969,-0.007,NaN,NaN,NaN,74,0
2419,69.351,123.893,0.212,1.576,2.969,-0.007,NaN,NaN,NaN,74,0
2420,69.383,123.953,0.212,1.576,2.969,-0.007,NaN,NaN,NaN,74,0
2421,69.414,124.012,0.212,1.576,2.969,-0.007,NaN,NaN,NaN,74,0
2422,69.446,124.072,0.212,1.576,2.969,-0.007,NaN,NaN,NaN,74,0
2423,69.477,124.131,0.212,1.576,2.969,-0.007,NaN,NaN,NaN,74,0
2424,69.509,124.190,0.212,1.576,2.969,-0.007,NaN,NaN,NaN,74,0
2425,69.540,124.250,0.212,1.576,2.969,-0.007,NaN,NaN,NaN,74,0
2426,69.572,124.309,0.212,1.576,2.969,-0.007,NaN,NaN,NaN,74,0
2427,69.603,124.369,0.211,1.576,2.969,-0.007,NaN,NaN,NaN,74,0
2428,69.635,124.428,0.211,1.576,2.969,-0.007,NaN,NaN,NaN,74,0
2429,69.666,124.487,0.211,1.576,2.969,-0.007,NaN,NaN,NaN,74,0
2430,69.698,124.547,0.211,1.576,2.969,-0.007,NaN,NaN,NaN,74,0
2431,69.729,124.606,0.211,1.576,2.969,-0.007,NaN,NaN,NaN,74,0
2432,69.761,124.665,0.211,1.576,2.969,-0.007,NaN,NaN,NaN,74,0
2433,69.793,124.725,0.211,1.576,2.969,-0.007,NaN,NaN,NaN,74,0
2434,69.824,124.784,0.210,1.576,2.969,-0.007,NaN,NaN,NaN,74,0
2435,69.856,124.844,0.210,1.576,2.969,-0.007,NaN,NaN,NaN,74,0
2436,69.887,124.903,0.210,1.576,2.969,-0.007,NaN,NaN,NaN,74,0
2437,69.919,124.962,0.210,1.576,2.969,-0.007,NaN,NaN,NaN,74,0
2438,69.950,125.022,0.210,1.576,2.969,-0.007,NaN,NaN,NaN,74,0
2439,69.982,125.081,0.210,1.576,2.969,-0.007,NaN,NaN,NaN,74,0
2440,70.013,125.140,0.210,1.576,2.969,-0.007,NaN,NaN,NaN,74,0
2441,70.045,125.200,0.210,1.576,2.969,-0.007,NaN,NaN,NaN,74,0
2442,70.076,125.259,0.209,1.576,2.969,-0.007,NaN,NaN,NaN,74,0
2443,70.108,125.319,0.209,1.576,2.969,-0.007,NaN,NaN,NaN,74,0
2444,70.139,125.378,0.209,1.576,2.969,-0.007,NaN,NaN,NaN,74,0
2445,70.171,125.437,0.209,1.576,2.969,-0.007,NaN,NaN,NaN,74,0
2446,70.202,125.497,0.209,1.576,2.969,-0.007,NaN,NaN,NaN,74,0
2447,70.234,125.556,0.209,1.576,2.969,-0.007,NaN,NaN,NaN,74,0
2448,70.265,125.615,0.209,1.576,2.969,-0.007,NaN,NaN,NaN,74,0
2449,70.297,125.675,0.208,1.576,2.969,-0.007,NaN,NaN,NaN,74,0
2450,70.328,125.734,0.208,1.576,2.969,-0.007,NaN,NaN,NaN,74,0
2451,70.360,125.794,0.208,1.576,2.969,-0.007,NaN,NaN,NaN,74,0
2452,70.392,125.853,0.208,1.576,2.969,-0.007,NaN,NaN,NaN,74,0
2453,70.423,125.912,0.208,1.576,2.969,-0.007,NaN,NaN,NaN,74,0
2454,70.455,125.972,0.208,1.576,2.969,-0.007,NaN,NaN,NaN,74,0
2455,70.486,126.031,0.208,1.576,2.969,-0.007,NaN,NaN,NaN,74,0
2456,70.518,126.091,0.208,1.576,2.969,-0.007,NaN,NaN,NaN,74,0
2457,70.549,126.150,0.207,1.576,2.969,-0.007,NaN,NaN,NaN,74,0
2458,70.581,126.209,0.207,1.576,2.969,-0.007,NaN,NaN,NaN,74,0
2459,70.612,126.269,0.207,1.576,2.969,-0.007,NaN,NaN,NaN,74,0
2460,70.644,126.328,0.207,1.576,2.969,-0.007,NaN,NaN,NaN,74,0
2461,70.675,126.387,0.207,1.576,2.969,-0.007,NaN,NaN,NaN,74,0
2462,70.707,126.447,0.207,1.576,2.969,-0.007,NaN,NaN,NaN,74,0
2463,70.738,126.506,0.207,1.576,2.969,-0.007,NaN,NaN,NaN,74,0
2464,70.770,126.566,0.206,1.576,2.969,-0.007,NaN,NaN,NaN,74,0
2465,70.801,126.625,0.206,1.576,2.969,-0.007,NaN,NaN,NaN,74,0
2466,70.833,126.684,0.206,1.576,2.969,-0.007,NaN,NaN,NaN,74,0
2467,70.864,126.744,0.206,1.576,2.969,-0.007,NaN,NaN,NaN,74,0
2468,70.896,126.803,0.206,1.576,2.969,-0.007,NaN,NaN,NaN,74,0
2469,70.927,126.862,0.206,1.576,2.969,-0.007,NaN,NaN,NaN,74,0
2470,70.959,126.922,0.206,1.576,2.969,-0.007,NaN,NaN,NaN,74,0
2471,70.990,126.981,0.206,1.576,2.969,-0.007,NaN,NaN,NaN,74,0
2472,71.022,127.041,0.205,1.576,2.969,-0.007,NaN,NaN,NaN,74,0
2473,71.054,127.100,0.205,1.576,2.969,-0.007,NaN,NaN,NaN,74,0
2474,71.085,127.159,0.205,1.576,2.969,-0.007,NaN,NaN,NaN,74,0
2475,71.117,127.219,0.205,1.576,2.969,-0.007,NaN,NaN,NaN,74,0
2476,71.148,127.278,0.205,1.576,2.969,-0.007,NaN,NaN,NaN,74,0
2477,71.180,127.337,0.205,1.576,2.969,-0.007,NaN,NaN,NaN,74,0
2478,71.211,127.397,0.205,1.576,2.969,-0.007,NaN,NaN,NaN,74,0
2479,71.243,127.456,0.205,1.576,2.969,-0.007,NaN,NaN,NaN,74,0
2480,71.274,127.516,0.204,1.576,2.969,-0.007,NaN,NaN,NaN,74,0
2481,71.306,127.575,0.204,1.576,2.969,-0.007,NaN,NaN,NaN,74,0
2482,71.337,127.634,0.204,1.576,2.969,-0.007,NaN,NaN,NaN,74,0
2483,71.369,127.694,0.204,1.576,2.969,-0.007,NaN,NaN,NaN,74,0
2484,71.400,127.753,0.204,1.576,2.969,-0.007,NaN,NaN,NaN,74,0
2485,71.432,127.813,0.204,1.576,2.969,-0.007,NaN,NaN,NaN,74,0
2486,71.463,127.872,0.204,1.576,2.969,-0.007,NaN,NaN,NaN,74,0
2487,71.495,127.931,0.203,1.576,2.969,-0.007,NaN,NaN,NaN,74,0
2488,71.526,127.991,0.203,1.576,2.969,-0.007,NaN,NaN,NaN,74,0
2489,71.558,128.050,0.203,1.576,2.969,-0.007,NaN,NaN,NaN,74,0
2490,71.589,128.109,0.203,1.576,2.969,-0.007,NaN,NaN,NaN,74,0
2491,71.621,128.169,0.203,1.576,2.969,-0.007,NaN,NaN,NaN,74,0
2492,71.652,128.228,0.203,1.576,2.969,-0.007,NaN,NaN,NaN,74,0
2493,71.684,128.288,0.203,1.576,2.969,-0.007,NaN,NaN,NaN,74,0
2494,71.716,128.347,0.203,1.576,2.969,-0.007,NaN,NaN,NaN,74,0
2495,71.747,128.406,0.202,1.576,2.969,-0.007,NaN,NaN,NaN,74,0
2496,71.779,128.466,0.202,1.576,2.969,-0.007,NaN,NaN,NaN,74,0
2497,71.810,128.525,0.202,1.576,2.969,-0.007,NaN,NaN,NaN,74,0
2498,71.842,128.584,0.202,1.576,2.969,-0.007,NaN,NaN,NaN,74,0
2499,71.873,128.644,0.202,1.576,2.969,-0.007,NaN,NaN,NaN,74,0
2500,71.905,128.703,0.202,1.576,2.969,-0.007,NaN,NaN,NaN,74,0
2501,71.936,128.763,0.202,1.576,2.969,-0.007,NaN,NaN,NaN,74,0
2502,71.968,128.822,0.201,1.576,2.969,-0.007,NaN,NaN,NaN,74,0
2503,71.999,128.881,0.201,1.576,2.969,-0.007,NaN,NaN,NaN,74,0
2504,72.031,128.941,0.201,1.576,2.969,-0.007,NaN,NaN,NaN,74,0
2505,72.062,129.000,0.201,1.576,2.969,-0.007,NaN,NaN,NaN,74,0
2506,72.094,129.059,0.201,1.576,2.969,-0.007,NaN,NaN,NaN,74,0
2507,72.125,129.119,0.201,1.576,2.969,-0.007,NaN,NaN,NaN,74,0
2508,72.157,129.178,0.201,1.576,2.969,-0.007,NaN,NaN,NaN,74,0
2509,72.188,129.237,0.201,1.576,2.969,-0.007,NaN,NaN,NaN,74,0
2510,72.220,129.297,0.200,1.576,2.969,-0.007,NaN,NaN,NaN,74,0
2511,72.251,129.356,0.200,1.576,2.969,-0.007,NaN,NaN,NaN,74,0
2512,72.283,129.416,0.200,1.576,2.969,-0.007,NaN,NaN,NaN,74,0
2513,72.315,129.475,0.200,1.576,2.969,-0.007,NaN,NaN,NaN,74,0
2514,72.346,129.534,0.200,1.576,2.969,-0.007,NaN,NaN,NaN,74,0
2515,72.378,129.594,0.200,1.576,2.969,-0.007,NaN,NaN,NaN,74,0
2516,72.409,129.653,0.200,1.576,2.969,-0.007,NaN,NaN,NaN,74,0
2517,72.441,129.712,0.199,1.576,2.969,-0.007,NaN,NaN,NaN,74,0
2518,72.472,129.772,0.199,1.576,2.969,-0.007,NaN,NaN,NaN,74,0
2519,72.504,129.831,0.199,1.576,2.969,-0.007,NaN,NaN,NaN,74,0
2520,72.535,129.891,0.199,1.576,2.969,-0.007,NaN,NaN,NaN,74,0
2521,72.567,129.950,0.199,1.576,2.969,-0.007,NaN,NaN,NaN,74,0
2522,72.598,130.009,0.199,1.576,2.969,-0.007,NaN,NaN,NaN,74,0
2523,72.630,130.069,0.199,1.576,2.969,-0.007,NaN,NaN,NaN,74,0
2524,72.661,130.128,0.199,1.576,2.969,-0.007,NaN,NaN,NaN,74,0
2525,72.693,130.187,0.198,1.576,2.969,-0.007,NaN,NaN,NaN,74,0
2526,72.724,130.247,0.198,1.576,2.969,-0.007,NaN,NaN,NaN,74,0
2527,72.756,130.306,0.198,1.576,2.969,-0.007,NaN,NaN,NaN,74,0
2528,72.787,130.366,0.198,1.576,2.969,-0.007,NaN,NaN,NaN,74,0
2529,72.819,130.425,0.198,1.576,2.969,-0.007,NaN,NaN,NaN,74,0
2530,72.850,130.484,0.198,1.576,2.969,-0.007,NaN,NaN,NaN,74,0
2531,72.882,130.544,0.198,1.576,2.969,-0.007,NaN,NaN,NaN,74,0
2532,72.913,130.603,0.198,1.576,2.969,-0.007,NaN,NaN,NaN,74,0
2533,72.945,130.662,0.197,1.576,2.969,-0.007,NaN,NaN,NaN,74,0
2534,72.977,130.722,0.197,1.576,2.969,-0.007,NaN,NaN,NaN,74,0
2535,73.008,130.781,0.197,1.576,2.969,-0.007,NaN,NaN,NaN,74,0
2536,73.040,130.841,0.197,1.576,2.969,-0.007,NaN,NaN,NaN,74,0
2537,73.071,130.900,0.197,1.576,2.969,-0.007,NaN,NaN,NaN,74,0
2538,73.103,130.959,0.197,1.576,2.969,-0.007,NaN,NaN,NaN,74,0
2539,73.134,131.019,0.197,1.576,2.969,-0.007,NaN,NaN,NaN,74,0
2540,73.166,131.078,0.196,1.576,2.969,-0.007,NaN,NaN,NaN,74,0
2541,73.197,131.137,0.196,1.576,2.969,-0.007,NaN,NaN,NaN,74,0
2542,73.229,131.197,0.196,1.576,2.969,-0.007,NaN,NaN,NaN,74,0
2543,73.260,131.256,0.196,1.576,2.969,-0.007,NaN,NaN,NaN,74,0
2544,73.292,131.316,0.196,1.576,2.969,-0.007,NaN,NaN,NaN,74,0
2545,73.323,131.375,0.196,1.576,2.969,-0.007,NaN,NaN,NaN,74,0
2546,73.355,131.434,0.196,1.576,2.969,-0.007,NaN,NaN,NaN,74,0
2547,73.386,131.494,0.196,1.576,2.969,-0.007,NaN,NaN,NaN,74,0
2548,73.418,131.553,0.195,1.576,2.969,-0.007,NaN,NaN,NaN,74,0
2549,73.449,131.612,0.195,1.576,2.969,-0.007,NaN,NaN,NaN,74,0
2550,73.481,131.672,0.195,1.576,2.969,-0.007,NaN,NaN,NaN,74,0
2551,73.512,131.731,0.195,1.576,2.969,-0.007,NaN,NaN,NaN,74,0
2552,73.544,131.790,0.195,1.576,2.969,-0.007,NaN,NaN,NaN,74,0
2553,73.576,131.850,0.195,1.576,2.969,-0.007,NaN,NaN,NaN,74,0
2554,73.607,131.909,0.195,1.576,2.969,-0.007,NaN,NaN,NaN,74,0
2555,73.639,131.969,0.194,1.576,2.969,-0.007,NaN,NaN,NaN,74,0
2556,73.670,132.028,0.194,1.576,2.969,-0.007,NaN,NaN,NaN,74,0
2557,73.702,132.087,0.194,1.576,2.969,-0.007,NaN,NaN,NaN,74,0
2558,73.733,132.147,0.194,1.576,2.969,-0.007,NaN,NaN,NaN,74,0
2559,73.765,132.206,0.194,1.576,2.969,-0.007,NaN,NaN,NaN,74,0
2560,73.796,132.265,0.194,1.576,2.969,-0.007,NaN,NaN,NaN,74,0
2561,73.828,132.325,0.194,1.576,2.969,-0.007,NaN,NaN,NaN,74,0
2562,73.859,132.384,0.194,1.576,2.969,-0.007,NaN,NaN,NaN,74,0
2563,73.891,132.444,0.193,1.576,2.969,-0.007,NaN,NaN,NaN,74,0
2564,73.922,132.503,0.193,1.576,2.969,-0.007,NaN,NaN,NaN,74,0
2565,73.954,132.562,0.193,1.576,2.969,-0.007,NaN,NaN,NaN,74,0
2566,73.985,132.622,0.193,1.576,2.969,-0.007,NaN,NaN,NaN,74,0
2567,74.017,132.681,0.193,1.576,2.969,-0.007,NaN,NaN,NaN,74,0
2568,74.048,132.740,0.193,1.576,2.969,-0.007,NaN,NaN,NaN,74,0
2569,74.080,132.800,0.193,1.576,2.969,-0.007,NaN,NaN,NaN,74,0
2570,74.111,132.859,0.192,1.576,2.969,-0.007,NaN,NaN,NaN,74,0
2571,74.143,132.919,0.192,1.576,2.969,-0.007,NaN,NaN,NaN,74,0
2572,74.174,132.978,0.192,1.576,2.969,-0.007,NaN,NaN,NaN,74,0
2573,74.206,133.037,0.192,1.576,2.969,-0.007,NaN,NaN,NaN,74,0
2574,74.238,133.097,0.192,1.576,2.969,-0.007,NaN,NaN,NaN,74,0
2575,74.269,133.156,0.192,1.576,2.969,-0.007,NaN,NaN,NaN,74,0
2576,74.301,133.215,0.192,1.576,2.969,-0.007,NaN,NaN,NaN,74,0
2577,74.332,133.275,0.192,1.576,2.969,-0.007,NaN,NaN,NaN,74,0
2578,74.364,133.334,0.191,1.576,2.969,-0.007,NaN,NaN,NaN,74,0
2579,74.395,133.394,0.191,1.576,2.969,-0.007,NaN,NaN,NaN,74,0
2580,74.427,133.453,0.191,1.576,2.969,-0.007,NaN,NaN,NaN,74,0
2581,74.458,133.512,0.191,1.576,2.969,-0.007,NaN,NaN,NaN,74,0
2582,74.490,133.572,0.191,1.576,2.969,-0.007,NaN,NaN,NaN,74,0
2583,74.521,133.631,0.191,1.576,2.969,-0.007,NaN,NaN,NaN,74,0
2584,74.553,133.690,0.191,1.576,2.969,-0.007,NaN,NaN,NaN,74,0
2585,74.584,133.750,0.190,1.576,2.969,-0.007,NaN,NaN,NaN,74,0
2586,74.616,133.809,0.190,1.576,2.969,-0.007,NaN,NaN,NaN,74,0
2587,74.647,133.868,0.190,1.576,2.969,-0.007,NaN,NaN,NaN,74,0
2588,74.679,133.928,0.190,1.576,2.969,-0.007,NaN,NaN,NaN,74,0
2589,74.710,133.987,0.190,1.576,2.969,-0.007,NaN,NaN,NaN,74,0
2590,74.742,134.047,0.190,1.576,2.969,-0.007,NaN,NaN,NaN,74,0
2591,74.773,134.106,0.190,1.576,2.969,-0.007,NaN,NaN,NaN,74,0
2592,74.805,134.165,0.190,1.576,2.969,-0.007,NaN,NaN,NaN,74,0
2593,74.836,134.225,0.189,1.576,2.969,-0.007,NaN,NaN,NaN,74,0
2594,74.868,134.284,0.189,1.576,2.969,-0.007,NaN,NaN,NaN,74,0
2595,74.900,134.343,0.189,1.576,2.969,-0.007,NaN,NaN,NaN,74,0
2596,74.931,134.403,0.189,1.576,2.969,-0.007,NaN,NaN,NaN,74,0
2597,74.963,134.462,0.189,1.576,2.969,-0.007,NaN,NaN,NaN,74,0
2598,74.994,134.522,0.189,1.576,2.969,-0.007,NaN,NaN,NaN,74,0
2599,75.026,134.581,0.189,1.576,2.969,-0.007,NaN,NaN,NaN,74,0
2600,75.057,134.640,0.189,1.576,2.969,-0.007,NaN,NaN,NaN,74,0
2601,75.089,134.700,0.188,1.576,2.969,-0.007,NaN,NaN,NaN,74,0
2602,75.120,134.759,0.188,1.576,2.969,-0.007,NaN,NaN,NaN,74,0
2603,75.152,134.818,0.188,1.576,2.969,-0.007,NaN,NaN,NaN,74,0
2604,75.183,134.878,0.188,1.576,2.969,-0.007,NaN,NaN,NaN,74,0
2605,75.215,134.937,0.188,1.576,2.969,-0.007,NaN,NaN,NaN,74,0
2606,75.246,134.997,0.188,1.576,2.969,-0.007,NaN,NaN,NaN,74,0
2607,75.278,135.056,0.188,1.576,2.969,-0.007,NaN,NaN,NaN,74,0
2608,75.309,135.115,0.187,1.576,2.969,-0.007,NaN,NaN,NaN,74,0
2609,75.341,135.175,0.187,1.576,2.969,-0.007,NaN,NaN,NaN,74,0
2610,75.372,135.234,0.187,1.576,2.969,-0.007,NaN,NaN,NaN,74,0
2611,75.404,135.293,0.187,1.576,2.969,-0.007,NaN,NaN,NaN,74,0
2612,75.435,135.353,0.187,1.576,2.969,-0.007,NaN,NaN,NaN,74,0
2613,75.467,135.412,0.187,1.576,2.969,-0.007,NaN,NaN,NaN,74,0
2614,75.499,135.472,0.187,1.576,2.969,-0.007,NaN,NaN,NaN,74,0
2615,75.530,135.531,0.187,1.576,2.969,-0.007,NaN,NaN,NaN,74,0
2616,75.562,135.590,0.186,1.576,2.969,-0.007,NaN,NaN,NaN,74,0
2617,75.593,135.650,0.186,1.576,2.969,-0.007,NaN,NaN,NaN,74,0
2618,75.625,135.709,0.186,1.576,2.969,-0.007,NaN,NaN,NaN,74,0
2619,75.656,135.768,0.186,1.576,2.969,-0.007,NaN,NaN,NaN,74,0
2620,75.688,135.828,0.186,1.576,2.969,-0.007,NaN,NaN,NaN,74,0
2621,75.719,135.887,0.186,1.576,2.969,-0.007,NaN,NaN,NaN,74,0
2622,75.751,135.947,0.186,1.576,2.969,-0.007,NaN,NaN,NaN,74,0
2623,75.782,136.006,0.185,1.576,2.969,-0.007,NaN,NaN,NaN,74,0
2624,75.814,136.065,0.185,1.576,2.969,-0.007,NaN,NaN,NaN,74,0
2625,75.845,136.125,0.185,1.576,2.969,-0.007,NaN,NaN,NaN,74,0
2626,75.877,136.184,0.185,1.576,2.969,-0.007,NaN,NaN,NaN,74,0
2627,75.908,136.243,0.185,1.576,2.969,-0.007,NaN,NaN,NaN,74,0
2628,75.940,136.303,0.185,1.576,2.969,-0.007,NaN,NaN,NaN,74,0
2629,75.971,136.362,0.185,1.576,2.969,-0.007,NaN,NaN,NaN,74,0
2630,76.003,136.421,0.185,1.576,2.969,-0.007,NaN,NaN,NaN,74,0
2631,76.034,136.481,0.184,1.576,2.969,-0.007,NaN,NaN,NaN,74,0
2632,76.066,136.540,0.184,1.576,2.969,-0.007,NaN,NaN,NaN,74,0
2633,76.097,136.600,0.184,1.576,2.969,-0.007,NaN,NaN,NaN,74,0
2634,76.129,136.659,0.184,1.576,2.969,-0.007,NaN,NaN,NaN,74,0
2635,76.161,136.718,0.184,1.576,2.969,-0.007,NaN,NaN,NaN,74,0
2636,76.192,136.778,0.184,1.576,2.969,-0.007,NaN,NaN,NaN,74,0
2637,76.224,136.837,0.184,1.576,2.969,-0.007,NaN,NaN,NaN,74,0
2638,76.255,136.896,0.183,1.576,2.969,-0.007,NaN,NaN,NaN,74,0
2639,76.287,136.956,0.183,1.576,2.969,-0.007,NaN,NaN,NaN,74,0
2640,76.318,137.015,0.183,1.576,2.969,-0.007,NaN,NaN,NaN,74,0
2641,76.350,137.075,0.183,1.576,2.969,-0.007,NaN,NaN,NaN,74,0
2642,76.381,137.134,0.183,1.576,2.969,-0.007,NaN,NaN,NaN,74,0
2643,76.413,137.193,0.183,1.576,2.969,-0.007,NaN,NaN,NaN,74,0
2644,76.444,137.253,0.183,1.576,2.969,-0.007,NaN,NaN,NaN,74,0
2645,76.476,137.312,0.183,1.576,2.969,-0.007,NaN,NaN,NaN,74,0
2646,76.507,137.371,0.182,1.576,2.969,-0.007,NaN,NaN,NaN,74,0
2647,76.539,137.431,0.182,1.576,2.969,-0.007,NaN,NaN,NaN,74,0
2648,76.570,137.490,0.182,1.576,2.969,-0.007,NaN,NaN,NaN,74,0
2649,76.602,137.550,0.182,1.576,2.969,-0.007,NaN,NaN,NaN,74,0
2650,76.633,137.609,0.182,1.576,2.969,-0.007,NaN,NaN,NaN,74,0
2651,76.665,137.668,0.182,1.576,2.969,-0.007,NaN,NaN,NaN,74,0
2652,76.696,137.728,0.182,1.576,2.969,-0.007,NaN,NaN,NaN,74,0
2653,76.728,137.787,0.182,1.576,2.969,-0.007,NaN,NaN,NaN,74,0
2654,76.759,137.846,0.181,1.576,2.969,-0.007,NaN,NaN,NaN,74,0
2655,76.791,137.906,0.181,1.576,2.969,-0.007,NaN,NaN,NaN,74,0
2656,76.823,137.965,0.181,1.576,2.969,-0.007,NaN,NaN,NaN,74,0
2657,76.854,138.025,0.181,1.576,2.969,-0.007,NaN,NaN,NaN,74,0
2658,76.886,138.084,0.181,1.576,2.969,-0.007,NaN,NaN,NaN,74,0
2659,76.917,138.143,0.181,1.576,2.969,-0.007,NaN,NaN,NaN,74,0
2660,76.949,138.203,0.181,1.576,2.969,-0.007,NaN,NaN,NaN,74,0
2661,76.980,138.262,0.180,1.576,2.969,-0.007,NaN,NaN,NaN,74,0
2662,77.012,138.321,0.180,1.576,2.969,-0.007,NaN,NaN,NaN,74,0
2663,77.043,138.381,0.180,1.576,2.969,-0.007,NaN,NaN,NaN,74,0
2664,77.075,138.440,0.180,1.576,2.969,-0.007,NaN,NaN,NaN,74,0
2665,77.106,138.500,0.180,1.576,2.969,-0.007,NaN,NaN,NaN,74,0
2666,77.138,138.559,0.180,1.576,2.969,-0.007,NaN,NaN,NaN,74,0
2667,77.169,138.618,0.180,1.576,2.969,-0.007,NaN,NaN,NaN,74,0
2668,77.201,138.678,0.180,1.576,2.969,-0.007,NaN,NaN,NaN,74,0
2669,77.232,138.737,0.179,1.576,2.969,-0.007,NaN,NaN,NaN,74,0
2670,77.264,138.796,0.179,1.576,2.969,-0.007,NaN,NaN,NaN,74,0
2671,77.295,138.856,0.179,1.576,2.969,-0.007,NaN,NaN,NaN,74,0
2672,77.327,138.915,0.179,1.576,2.969,-0.007,NaN,NaN,NaN,74,0
2673,77.358,138.974,0.179,1.576,2.969,-0.007,NaN,NaN,NaN,74,0
2674,77.390,139.034,0.179,1.576,2.969,-0.007,NaN,NaN,NaN,74,0
2675,77.422,139.093,0.179,1.576,2.969,-0.007,NaN,NaN,NaN,74,0
2676,77.453,139.153,0.178,1.576,2.969,-0.007,NaN,NaN,NaN,74,0
2677,77.485,139.212,0.178,1.576,2.969,-0.007,NaN,NaN,NaN,74,0
2678,77.516,139.271,0.178,1.576,2.969,-0.007,NaN,NaN,NaN,74,0
2679,77.548,139.331,0.178,1.576,2.969,-0.007,NaN,NaN,NaN,74,0
2680,77.579,139.390,0.178,1.576,2.969,-0.007,NaN,NaN,NaN,74,0
2681,77.611,139.449,0.178,1.576,2.969,-0.007,NaN,NaN,NaN,74,0
2682,77.642,139.509,0.178,1.576,2.969,-0.007,NaN,NaN,NaN,74,0
2683,77.674,139.568,0.178,1.576,2.969,-0.007,NaN,NaN,NaN,74,0
2684,77.705,139.628,0.177,1.576,2.969,-0.007,NaN,NaN,NaN,74,0
2685,77.737,139.687,0.177,1.576,2.969,-0.007,NaN,NaN,NaN,74,0
2686,77.768,139.746,0.177,1.576,2.969,-0.007,NaN,NaN,NaN,74,0
2687,77.800,139.806,0.177,1.576,2.969,-0.007,NaN,NaN,NaN,74,0
2688,77.831,139.865,0.177,1.576,2.969,-0.007,NaN,NaN,NaN,74,0
2689,77.863,139.924,0.177,1.576,2.969,-0.007,NaN,NaN,NaN,74,0
2690,77.894,139.984,0.177,1.576,2.969,-0.007,NaN,NaN,NaN,74,0
2691,77.926,140.043,0.176,1.576,2.969,-0.007,NaN,NaN,NaN,74,0
2692,77.957,140.103,0.176,1.576,2.969,-0.007,NaN,NaN,NaN,74,0
2693,77.989,140.162,0.176,1.576,2.969,-0.007,NaN,NaN,NaN,74,0
2694,78.020,140.221,0.176,1.576,2.969,-0.007,NaN,NaN,NaN,74,0
2695,78.052,140.281,0.176,1.576,2.969,-0.007,NaN,NaN,NaN,74,0
2696,78.084,140.340,0.176,1.576,2.969,-0.007,NaN,NaN,NaN,74,0
2697,78.115,140.399,0.176,1.576,2.969,-0.007,NaN,NaN,NaN,74,0
2698,78.147,140.459,0.176,1.576,2.969,-0.007,NaN,NaN,NaN,74,0
2699,78.178,140.518,0.175,1.576,2.969,-0.007,NaN,NaN,NaN,74,0
2700,78.210,140.578,0.175,1.576,2.969,-0.007,NaN,NaN,NaN,74,0
2701,78.241,140.637,0.175,1.576,2.969,-0.007,NaN,NaN,NaN,74,0
2702,78.273,140.696,0.175,1.576,2.969,-0.007,NaN,NaN,NaN,74,0
2703,78.304,140.756,0.175,1.576,2.969,-0.007,NaN,NaN,NaN,74,0
2704,78.336,140.815,0.175,1.576,2.969,-0.007,NaN,NaN,NaN,74,0
2705,78.367,140.874,0.175,1.576,2.969,-0.007,NaN,NaN,NaN,74,0
2706,78.399,140.934,0.174,1.576,2.969,-0.007,NaN,NaN,NaN,74,0
2707,78.430,140.993,0.174,1.576,2.969,-0.007,NaN,NaN,NaN,74,0
2708,78.462,141.053,0.174,1.576,2.969,-0.007,NaN,NaN,NaN,74,0
2709,78.493,141.112,0.174,1.576,2.969,-0.007,NaN,NaN,NaN,74,0
2710,78.525,141.171,0.174,1.576,2.969,-0.007,NaN,NaN,NaN,74,0
2711,78.556,141.231,0.174,1.576,2.969,-0.007,NaN,NaN,NaN,74,0
2712,78.588,141.290,0.174,1.576,2.969,-0.007,NaN,NaN,NaN,74,0
2713,78.619,141.349,0.174,1.576,2.969,-0.007,NaN,NaN,NaN,74,0
2714,78.651,141.409,0.173,1.576,2.969,-0.007,NaN,NaN,NaN,74,0
2715,78.682,141.468,0.173,1.576,2.969,-0.007,NaN,NaN,NaN,74,0
2716,78.714,141.527,0.173,1.576,2.969,-0.007,NaN,NaN,NaN,74,0
2717,78.746,141.587,0.173,1.576,2.969,-0.007,NaN,NaN,NaN,74,0
2718,78.777,141.646,0.173,1.576,2.969,-0.007,NaN,NaN,NaN,74,0
2719,78.809,141.706,0.173,1.576,2.969,-0.007,NaN,NaN,NaN,74,0
2720,78.840,141.765,0.173,1.576,2.969,-0.007,NaN,NaN,NaN,74,0
2721,78.872,141.824,0.173,1.576,2.969,-0.007,NaN,NaN,NaN,74,0
2722,78.903,141.884,0.172,1.576,2.969,-0.007,NaN,NaN,NaN,74,0
2723,78.935,141.943,0.172,1.576,2.969,-0.007,NaN,NaN,NaN,74,0
2724,78.966,142.002,0.172,1.576,2.969,-0.007,NaN,NaN,NaN,74,0
2725,78.998,142.062,0.172,1.576,2.969,-0.007,NaN,NaN,NaN,74,0
2726,79.029,142.121,0.172,1.576,2.969,-0.007,NaN,NaN,NaN,74,0
2727,79.061,142.181,0.172,1.576,2.969,-0.007,NaN,NaN,NaN,74,0
2728,79.092,142.240,0.172,1.576,2.969,-0.007,NaN,NaN,NaN,74,0
2729,79.124,142.299,0.171,1.576,2.969,-0.007,NaN,NaN,NaN,74,0
2730,79.155,142.359,0.171,1.576,2.969,-0.007,NaN,NaN,NaN,74,0
2731,79.187,142.418,0.171,1.576,2.969,-0.007,NaN,NaN,NaN,74,0
2732,79.218,142.477,0.171,1.576,2.969,-0.007,NaN,NaN,NaN,74,0
2733,79.250,142.537,0.171,1.576,2.969,-0.007,NaN,NaN,NaN,74,0
2734,79.281,142.596,0.171,1.576,2.969,-0.007,NaN,NaN,NaN,74,0
2735,79.313,142.656,0.171,1.576,2.969,-0.007,NaN,NaN,NaN,74,0
2736,79.345,142.715,0.171,1.576,2.969,-0.007,NaN,NaN,NaN,74,0
2737,79.376,142.774,0.170,1.576,2.969,-0.007,NaN,NaN,NaN,74,0
2738,79.408,142.834,0.170,1.576,2.969,-0.007,NaN,NaN,NaN,74,0
2739,79.439,142.893,0.170,1.576,2.969,-0.007,NaN,NaN,NaN,74,0
2740,79.471,142.952,0.170,1.576,2.969,-0.007,NaN,NaN,NaN,74,0
2741,79.502,143.012,0.170,1.576,2.969,-0.007,NaN,NaN,NaN,74,0
2742,79.534,143.071,0.170,1.576,2.969,-0.007,NaN,NaN,NaN,74,0
2743,79.565,143.131,0.170,1.576,2.969,-0.007,NaN,NaN,NaN,74,0
2744,79.597,143.190,0.169,1.576,2.969,-0.007,NaN,NaN,NaN,74,0
2745,79.628,143.249,0.169,1.576,2.969,-0.007,NaN,NaN,NaN,74,0
2746,79.660,143.309,0.169,1.576,2.969,-0.007,NaN,NaN,NaN,74,0
2747,79.691,143.368,0.169,1.576,2.969,-0.007,NaN,NaN,NaN,74,0
2748,79.723,143.427,0.169,1.576,2.969,-0.007,NaN,NaN,NaN,74,0
2749,79.754,143.487,0.169,1.576,2.969,-0.007,NaN,NaN,NaN,74,0
2750,79.786,143.546,0.169,1.576,2.969,-0.007,NaN,NaN,NaN,74,0
2751,79.817,143.605,0.169,1.576,2.969,-0.007,NaN,NaN,NaN,74,0
2752,79.849,143.665,0.168,1.576,2.969,-0.007,NaN,NaN,NaN,74,0
2753,79.880,143.724,0.168,1.576,2.969,-0.007,NaN,NaN,NaN,74,0
2754,79.912,143.784,0.168,1.576,2.969,-0.007,NaN,NaN,NaN,74,0
2755,79.943,143.843,0.168,1.576,2.969,-0.007,NaN,NaN,NaN,74,0
2756,79.975,143.902,0.168,1.576,2.969,-0.007,NaN,NaN,NaN,74,0
2757,80.007,143.962,0.168,1.576,2.969,-0.007,NaN,NaN,NaN,74,0
2758,80.038,144.021,0.168,1.576,2.969,-0.007,NaN,NaN,NaN,74,0
2759,80.070,144.080,0.167,1.576,2.969,-0.007,NaN,NaN,NaN,74,0
2760,80.101,144.140,0.167,1.576,2.969,-0.007,NaN,NaN,NaN,74,0
2761,80.133,144.199,0.167,1.576,2.969,-0.007,NaN,NaN,NaN,74,0
2762,80.164,144.259,0.167,1.576,2.969,-0.007,NaN,NaN,NaN,74,0
2763,80.196,144.318,0.167,1.576,2.969,-0.007,NaN,NaN,NaN,74,0
2764,80.227,144.377,0.167,1.576,2.969,-0.007,NaN,NaN,NaN,74,0
2765,80.259,144.437,0.167,1.576,2.969,-0.007,NaN,NaN,NaN,74,0
2766,80.290,144.496,0.167,1.576,2.969,-0.007,NaN,NaN,NaN,74,0
2767,80.322,144.555,0.166,1.576,2.969,-0.007,NaN,NaN,NaN,74,0
2768,80.353,144.615,0.166,1.576,2.969,-0.007,NaN,NaN,NaN,74,0
2769,80.385,144.674,0.166,1.576,2.969,-0.007,NaN,NaN,NaN,74,0
2770,80.416,144.734,0.166,1.576,2.969,-0.007,NaN,NaN,NaN,74,0
2771,80.448,144.793,0.166,1.576,2.969,-0.007,NaN,NaN,NaN,74,0
2772,80.479,144.852,0.166,1.576,2.969,-0.007,NaN,NaN,NaN,74,0
2773,80.511,144.912,0.166,1.576,2.969,-0.007,NaN,NaN,NaN,74,0
2774,80.542,144.971,0.166,1.576,2.969,-0.007,NaN,NaN,NaN,74,0
2775,80.574,145.030,0.165,1.576,2.969,-0.007,NaN,NaN,NaN,74,0
2776,80.605,145.090,0.165,1.576,2.969,-0.007,NaN,NaN,NaN,74,0
2777,80.637,145.149,0.165,1.576,2.969,-0.007,NaN,NaN,NaN,74,0
2778,80.669,145.209,0.165,1.576,2.969,-0.007,NaN,NaN,NaN,74,0
2779,80.700,145.268,0.165,1.576,2.969,-0.007,NaN,NaN,NaN,74,0
2780,80.732,145.327,0.165,1.576,2.969,-0.007,NaN,NaN,NaN,74,0
2781,80.763,145.387,0.165,1.576,2.969,-0.007,NaN,NaN,NaN,74,0
2782,80.795,145.446,0.164,1.576,2.969,-0.007,NaN,NaN,NaN,74,0
2783,80.826,145.505,0.164,1.576,2.969,-0.007,NaN,NaN,NaN,74,0
2784,80.858,145.565,0.164,1.576,2.969,-0.007,NaN,NaN,NaN,74,0
2785,80.889,145.624,0.164,1.576,2.969,-0.007,NaN,NaN,NaN,74,0
2786,80.921,145.684,0.164,1.576,2.969,-0.007,NaN,NaN,NaN,74,0
2787,80.952,145.743,0.164,1.576,2.969,-0.007,NaN,NaN,NaN,74,0
2788,80.984,145.802,0.164,1.576,2.969,-0.007,NaN,NaN,NaN,74,0
2789,81.015,145.862,0.164,1.576,2.969,-0.007,NaN,NaN,NaN,74,0
2790,81.047,145.921,0.163,1.576,2.969,-0.007,NaN,NaN,NaN,74,0
2791,81.078,145.980,0.163,1.576,2.969,-0.007,NaN,NaN,NaN,74,0
2792,81.110,146.040,0.163,1.576,2.969,-0.007,NaN,NaN,NaN,74,0
2793,81.141,146.099,0.163,1.576,2.969,-0.007,NaN,NaN,NaN,74,0
2794,81.173,146.158,0.163,1.576,2.969,-0.007,NaN,NaN,NaN,74,0
2795,81.204,146.218,0.163,1.576,2.969,-0.007,NaN,NaN,NaN,74,0
2796,81.236,146.277,0.163,1.576,2.969,-0.007,NaN,NaN,NaN,74,0
2797,81.268,146.337,0.162,1.576,2.969,-0.007,NaN,NaN,NaN,74,0
2798,81.299,146.396,0.162,1.576,2.969,-0.007,NaN,NaN,NaN,74,0
2799,81.331,146.455,0.162,1.576,2.969,-0.007,NaN,NaN,NaN,74,0
2800,81.362,146.515,0.162,1.576,2.969,-0.007,NaN,NaN,NaN,74,0
2801,81.394,146.574,0.162,1.576,2.969,-0.007,NaN,NaN,NaN,74,0
2802,81.425,146.633,0.162,1.576,2.969,-0.007,NaN,NaN,NaN,74,0
2803,81.457,146.693,0.162,1.576,2.969,-0.007,NaN,NaN,NaN,74,0
2804,81.488,146.752,0.162,1.576,2.969,-0.007,NaN,NaN,NaN,74,0
2805,81.520,146.812,0.161,1.576,2.969,-0.007,NaN,NaN,NaN,74,0
2806,81.551,146.871,0.161,1.576,2.969,-0.007,NaN,NaN,NaN,74,0
2807,81.583,146.930,0.161,1.576,2.969,-0.007,NaN,NaN,NaN,74,0
2808,81.614,146.990,0.161,1.576,2.969,-0.007,NaN,NaN,NaN,74,0
2809,81.646,147.049,0.161,1.576,2.969,-0.007,NaN,NaN,NaN,74,0
2810,81.677,147.108,0.161,1.576,2.969,-0.007,NaN,NaN,NaN,74,0
2811,81.709,147.168,0.161,1.576,2.969,-0.007,NaN,NaN,NaN,74,0
2812,81.740,147.227,0.160,1.576,2.969,-0.007,NaN,NaN,NaN,74,0
2813,81.772,147.287,0.160,1.576,2.969,-0.007,NaN,NaN,NaN,74,0
2814,81.803,147.346,0.160,1.576,2.969,-0.007,NaN,NaN,NaN,74,0
2815,81.835,147.405,0.160,1.576,2.969,-0.007,NaN,NaN,NaN,74,0
2816,81.866,147.465,0.160,1.576,2.969,-0.007,NaN,NaN,NaN,74,0
2817,81.898,147.524,0.160,1.576,2.969,-0.007,NaN,NaN,NaN,74,0
2818,81.930,147.583,0.160,1.576,2.969,-0.007,NaN,NaN,NaN,74,0
2819,81.961,147.643,0.160,1.576,2.969,-0.007,NaN,NaN,NaN,74,0
2820,81.993,147.702,0.159,1.576,2.969,-0.007,NaN,NaN,NaN,74,0
2821,82.024,147.762,0.159,1.576,2.969,-0.007,NaN,NaN,NaN,74,0
2822,82.056,147.821,0.159,1.576,2.969,-0.007,NaN,NaN,NaN,74,0
2823,82.087,147.880,0.159,1.576,2.969,-0.007,NaN,NaN,NaN,74,0
2824,82.119,147.940,0.159,1.576,2.969,-0.007,NaN,NaN,NaN,74,0
2825,82.150,147.999,0.159,1.576,2.969,-0.007,NaN,NaN,NaN,74,0
2826,82.182,148.058,0.159,1.576,2.969,-0.007,NaN,NaN,NaN,74,0
2827,82.213,148.118,0.158,1.576,2.969,-0.007,NaN,NaN,NaN,74,0
2828,82.245,148.177,0.158,1.576,2.969,-0.007,NaN,NaN,NaN,74,0
2829,82.276,148.237,0.158,1.576,2.969,-0.007,NaN,NaN,NaN,74,0
2830,82.308,148.296,0.158,1.576,2.969,-0.007,NaN,NaN,NaN,74,0
2831,82.339,148.355,0.158,1.576,2.969,-0.007,NaN,NaN,NaN,74,0
2832,82.371,148.415,0.158,1.576,2.969,-0.007,NaN,NaN,NaN,74,0
2833,82.402,148.474,0.158,1.576,2.969,-0.007,NaN,NaN,NaN,74,0
2834,82.434,148.533,0.158,1.576,2.969,-0.007,NaN,NaN,NaN,74,0
2835,82.465,148.593,0.157,1.576,2.969,-0.007,NaN,NaN,NaN,74,0
2836,82.497,148.652,0.157,1.576,2.969,-0.007,NaN,NaN,NaN,74,0
2837,82.529,148.711,0.157,1.576,2.969,-0.007,NaN,NaN,NaN,74,0
2838,82.560,148.771,0.157,1.576,2.969,-0.007,NaN,NaN,NaN,74,0
2839,82.592,148.830,0.157,1.576,2.969,-0.007,NaN,NaN,NaN,74,0
2840,82.623,148.890,0.157,1.576,2.969,-0.007,NaN,NaN,NaN,74,0
2841,82.655,148.949,0.157,1.576,2.969,-0.007,NaN,NaN,NaN,74,0
2842,82.686,149.008,0.157,1.576,2.969,-0.007,NaN,NaN,NaN,74,0
2843,82.718,149.068,0.156,1.576,2.969,-0.007,NaN,NaN,NaN,74,0
2844,82.749,149.127,0.156,1.576,2.969,-0.007,NaN,NaN,NaN,74,0
2845,82.781,149.186,0.156,1.576,2.969,-0.007,NaN,NaN,NaN,74,0
2846,82.812,149.246,0.156,1.576,2.969,-0.007,NaN,NaN,NaN,74,0
2847,82.844,149.305,0.156,1.576,2.969,-0.007,NaN,NaN,NaN,74,0
2848,82.875,149.365,0.156,1.576,2.969,-0.007,NaN,NaN,NaN,74,0
2849,82.907,149.424,0.156,1.576,2.969,-0.007,NaN,NaN,NaN,74,0
2850,82.938,149.483,0.155,1.576,2.969,-0.007,NaN,NaN,NaN,74,0
2851,82.970,149.543,0.155,1.576,2.969,-0.007,NaN,NaN,NaN,74,0
2852,83.001,149.602,0.155,1.576,2.969,-0.007,NaN,NaN,NaN,74,0
2853,83.033,149.661,0.155,1.576,2.969,-0.007,NaN,NaN,NaN,74,0
2854,83.064,149.721,0.155,1.576,2.969,-0.007,NaN,NaN,NaN,74,0
2855,83.096,149.780,0.155,1.576,2.969,-0.007,NaN,NaN,NaN,74,0
2856,83.127,149.840,0.155,1.576,2.969,-0.007,NaN,NaN,NaN,74,0
2857,83.159,149.899,0.155,1.576,2.969,-0.007,NaN,NaN,NaN,74,0
2858,83.191,149.958,0.154,1.576,2.969,-0.007,NaN,NaN,NaN,74,0
2859,83.222,150.018,0.154,1.576,2.969,-0.007,NaN,NaN,NaN,74,0
2860,83.254,150.077,0.154,1.576,2.969,-0.007,NaN,NaN,NaN,74,0
2861,83.285,150.136,0.154,1.576,2.969,-0.007,NaN,NaN,NaN,74,0
2862,83.317,150.196,0.154,1.576,2.969,-0.007,NaN,NaN,NaN,74,0
2863,83.348,150.255,0.154,1.576,2.969,-0.007,NaN,NaN,NaN,74,0
2864,83.380,150.315,0.154,1.576,2.969,-0.007,NaN,NaN,NaN,74,0
2865,83.411,150.374,0.153,1.576,2.969,-0.007,NaN,NaN,NaN,74,0
2866,83.443,150.433,0.153,1.576,2.969,-0.007,NaN,NaN,NaN,74,0
2867,83.474,150.493,0.153,1.576,2.969,-0.007,NaN,NaN,NaN,74,0
2868,83.506,150.552,0.153,1.576,2.969,-0.007,NaN,NaN,NaN,74,0
2869,83.537,150.611,0.153,1.576,2.969,-0.007,NaN,NaN,NaN,74,0
2870,83.569,150.671,0.153,1.576,2.969,-0.007,NaN,NaN,NaN,74,0
2871,83.600,150.730,0.153,1.576,2.969,-0.007,NaN,NaN,NaN,74,0
2872,83.632,150.790,0.153,1.576,2.969,-0.007,NaN,NaN,NaN,74,0
2873,83.663,150.849,0.152,1.576,2.969,-0.007,NaN,NaN,NaN,74,0
2874,83.695,150.908,0.152,1.576,2.969,-0.007,NaN,NaN,NaN,74,0
2875,83.726,150.968,0.152,1.576,2.969,-0.007,NaN,NaN,NaN,74,0
2876,83.758,151.027,0.152,1.576,2.969,-0.007,NaN,NaN,NaN,74,0
2877,83.789,151.086,0.152,1.576,2.969,-0.007,NaN,NaN,NaN,74,0
2878,83.821,151.146,0.152,1.576,2.969,-0.007,NaN,NaN,NaN,74,0
2879,83.853,151.205,0.152,1.576,2.969,-0.007,NaN,NaN,NaN,74,0
2880,83.884,151.264,0.151,1.576,2.969,-0.007,NaN,NaN,NaN,74,0
2881,83.916,151.324,0.151,1.576,2.969,-0.007,NaN,NaN,NaN,74,0
2882,83.947,151.383,0.151,1.576,2.969,-0.007,NaN,NaN,NaN,74,0
2883,83.979,151.443,0.151,1.576,2.969,-0.007,NaN,NaN,NaN,74,0
2884,84.010,151.502,0.151,1.576,2.969,-0.007,NaN,NaN,NaN,74,0
2885,84.042,151.561,0.151,1.576,2.969,-0.007,NaN,NaN,NaN,74,0
2886,84.073,151.621,0.151,1.576,2.969,-0.007,NaN,NaN,NaN,74,0
2887,84.105,151.680,0.151,1.576,2.969,-0.007,NaN,NaN,NaN,74,0
2888,84.136,151.739,0.150,1.576,2.969,-0.007,NaN,NaN,NaN,74,0
2889,84.168,151.799,0.150,1.576,2.969,-0.007,NaN,NaN,NaN,74,0
2890,84.199,151.858,0.150,1.576,2.969,-0.007,NaN,NaN,NaN,74,0
2891,84.231,151.918,0.150,1.576,2.969,-0.007,NaN,NaN,NaN,74,0
2892,84.262,151.977,0.150,1.576,2.969,-0.007,NaN,NaN,NaN,74,0
2893,84.294,152.036,0.150,1.576,2.969,-0.007,NaN,NaN,NaN,74,0
2894,84.325,152.096,0.150,1.576,2.969,-0.007,NaN,NaN,NaN,74,0
2895,84.357,152.155,0.150,1.576,2.969,-0.007,NaN,NaN,NaN,74,0
2896,84.388,152.214,0.149,1.576,2.969,-0.007,NaN,NaN,NaN,74,0
2897,84.420,152.274,0.149,1.576,2.969,-0.007,NaN,NaN,NaN,74,0
2898,84.452,152.333,0.149,1.576,2.969,-0.007,NaN,NaN,NaN,74,0
2899,84.483,152.393,0.149,1.576,2.969,-0.007,NaN,NaN,NaN,74,0
2900,84.515,152.452,0.149,1.576,2.969,-0.007,NaN,NaN,NaN,74,0
2901,84.546,152.511,0.149,1.576,2.969,-0.007,NaN,NaN,NaN,74,0
2902,84.578,152.571,0.149,1.576,2.969,-0.007,NaN,NaN,NaN,74,0
2903,84.609,152.630,0.148,1.576,2.969,-0.007,NaN,NaN,NaN,74,0
2904,84.641,152.689,0.148,1.576,2.969,-0.007,NaN,NaN,NaN,74,0
2905,84.672,152.749,0.148,1.576,2.969,-0.007,NaN,NaN,NaN,74,0
2906,84.704,152.808,0.148,1.576,2.969,-0.007,NaN,NaN,NaN,74,0
2907,84.735,152.868,0.148,1.576,2.969,-0.007,NaN,NaN,NaN,74,0
2908,84.767,152.927,0.148,1.576,2.969,-0.007,NaN,NaN,NaN,74,0
2909,84.798,152.986,0.148,1.576,2.969,-0.007,NaN,NaN,NaN,74,0
2910,84.830,153.046,0.148,1.576,2.969,-0.007,NaN,NaN,NaN,74,0
2911,84.861,153.105,0.147,1.576,2.969,-0.007,NaN,NaN,NaN,74,0
2912,84.893,153.164,0.147,1.576,2.969,-0.007,NaN,NaN,NaN,74,0
2913,84.924,153.224,0.147,1.576,2.969,-0.007,NaN,NaN,NaN,74,0
2914,84.956,153.283,0.147,1.576,2.969,-0.007,NaN,NaN,NaN,74,0
2915,84.987,153.342,0.147,1.576,2.969,-0.007,NaN,NaN,NaN,74,0
2916,85.019,153.402,0.147,1.576,2.969,-0.007,NaN,NaN,NaN,74,0
2917,85.050,153.461,0.147,1.576,2.969,-0.007,NaN,NaN,NaN,74,0
2918,85.082,153.521,0.146,1.576,2.969,-0.007,NaN,NaN,NaN,74,0
2919,85.114,153.580,0.146,1.576,2.969,-0.007,NaN,NaN,NaN,74,0
2920,85.145,153.639,0.146,1.576,2.969,-0.007,NaN,NaN,NaN,74,0
2921,85.177,153.699,0.146,1.576,2.969,-0.007,NaN,NaN,NaN,74,0
2922,85.208,153.758,0.146,1.576,2.969,-0.007,NaN,NaN,NaN,74,0
2923,85.240,153.817,0.146,1.576,2.969,-0.007,NaN,NaN,NaN,74,0
2924,85.271,153.877,0.146,1.576,2.969,-0.007,NaN,NaN,NaN,74,0
2925,85.303,153.936,0.146,1.576,2.969,-0.007,NaN,NaN,NaN,74,0
2926,85.334,153.996,0.145,1.576,2.969,-0.007,NaN,NaN,NaN,74,0
2927,85.366,154.055,0.145,1.576,2.969,-0.007,NaN,NaN,NaN,74,0
2928,85.397,154.114,0.145,1.576,2.969,-0.007,NaN,NaN,NaN,74,0
2929,85.429,154.174,0.145,1.576,2.969,-0.007,NaN,NaN,NaN,74,0
2930,85.460,154.233,0.145,1.576,2.969,-0.007,NaN,NaN,NaN,74,0
2931,85.492,154.292,0.145,1.576,2.969,-0.007,NaN,NaN,NaN,74,0
2932,85.523,154.352,0.145,1.576,2.969,-0.007,NaN,NaN,NaN,74,0
2933,85.555,154.411,0.144,1.576,2.969,-0.007,NaN,NaN,NaN,74,0
2934,85.586,154.471,0.144,1.576,2.969,-0.007,NaN,NaN,NaN,74,0
2935,85.618,154.530,0.144,1.576,2.969,-0.007,NaN,NaN,NaN,74,0
2936,85.649,154.589,0.144,1.576,2.969,-0.007,NaN,NaN,NaN,74,0
2937,85.681,154.649,0.144,1.576,2.969,-0.007,NaN,NaN,NaN,74,0
2938,85.712,154.708,0.144,1.576,2.969,-0.007,NaN,NaN,NaN,74,0
2939,85.744,154.767,0.144,1.576,2.969,-0.007,NaN,NaN,NaN,74,0
2940,85.776,154.827,0.144,1.576,2.969,-0.007,NaN,NaN,NaN,74,0
2941,85.807,154.886,0.143,1.576,2.969,-0.007,NaN,NaN,NaN,74,0
2942,85.839,154.946,0.143,1.576,2.969,-0.007,NaN,NaN,NaN,74,0
2943,85.870,155.005,0.143,1.576,2.969,-0.007,NaN,NaN,NaN,74,0
2944,85.902,155.064,0.143,1.576,2.969,-0.007,NaN,NaN,NaN,74,0
2945,85.933,155.124,0.143,1.576,2.969,-0.007,NaN,NaN,NaN,74,0
2946,85.965,155.183,0.143,1.576,2.969,-0.007,NaN,NaN,NaN,74,0
2947,85.996,155.242,0.143,1.576,2.969,-0.007,NaN,NaN,NaN,74,0
2948,86.028,155.302,0.142,1.576,2.969,-0.007,NaN,NaN,NaN,74,0
2949,86.059,155.361,0.142,1.576,2.969,-0.007,NaN,NaN,NaN,74,0
2950,86.091,155.421,0.142,1.576,2.969,-0.007,NaN,NaN,NaN,74,0
2951,86.122,155.480,0.142,1.576,2.969,-0.007,NaN,NaN,NaN,74,0
2952,86.154,155.539,0.142,1.576,2.969,-0.007,NaN,NaN,NaN,74,0
2953,86.185,155.599,0.142,1.576,2.969,-0.007,NaN,NaN,NaN,74,0
2954,86.217,155.658,0.142,1.576,2.969,-0.007,NaN,NaN,NaN,74,0
2955,86.248,155.717,0.142,1.576,2.969,-0.007,NaN,NaN,NaN,74,0
2956,86.280,155.777,0.141,1.576,2.969,-0.007,NaN,NaN,NaN,74,0
2957,86.311,155.836,0.141,1.576,2.969,-0.007,NaN,NaN,NaN,74,0
2958,86.343,155.895,0.141,1.576,2.969,-0.007,NaN,NaN,NaN,74,0
2959,86.375,155.955,0.141,1.576,2.969,-0.007,NaN,NaN,NaN,74,0
2960,86.406,156.014,0.141,1.576,2.969,-0.007,NaN,NaN,NaN,74,0
2961,86.438,156.074,0.141,1.576,2.969,-0.007,NaN,NaN,NaN,74,0
2962,86.469,156.133,0.141,1.576,2.969,-0.007,NaN,NaN,NaN,74,0
2963,86.501,156.192,0.141,1.576,2.969,-0.007,NaN,NaN,NaN,74,0
2964,86.532,156.252,0.140,1.576,2.969,-0.007,NaN,NaN,NaN,74,0
2965,86.564,156.311,0.140,1.576,2.969,-0.007,NaN,NaN,NaN,74,0
2966,86.595,156.370,0.140,1.576,2.969,-0.007,NaN,NaN,NaN,74,0
2967,86.627,156.430,0.140,1.576,2.969,-0.007,NaN,NaN,NaN,74,0
2968,86.658,156.489,0.140,1.576,2.969,-0.007,NaN,NaN,NaN,74,0
2969,86.690,156.549,0.140,1.576,2.969,-0.007,NaN,NaN,NaN,74,0
2970,86.721,156.608,0.140,1.576,2.969,-0.007,NaN,NaN,NaN,74,0
2971,86.753,156.667,0.139,1.576,2.969,-0.007,NaN,NaN,NaN,74,0
2972,86.784,156.727,0.139,1.576,2.969,-0.007,NaN,NaN,NaN,74,0
2973,86.816,156.786,0.139,1.576,2.969,-0.007,NaN,NaN,NaN,74,0
2974,86.847,156.845,0.139,1.576,2.969,-0.007,NaN,NaN,NaN,74,0
2975,86.879,156.905,0.139,1.576,2.969,-0.007,NaN,NaN,NaN,74,0
2976,86.910,156.964,0.139,1.576,2.969,-0.007,NaN,NaN,NaN,74,0
2977,86.942,157.024,0.139,1.576,2.969,-0.007,NaN,NaN,NaN,74,0
2978,86.973,157.083,0.139,1.576,2.969,-0.007,NaN,NaN,NaN,74,0
2979,87.005,157.142,0.138,1.576,2.969,-0.007,NaN,NaN,NaN,74,0
2980,87.037,157.202,0.138,1.576,2.969,-0.007,NaN,NaN,NaN,74,0
2981,87.068,157.261,0.138,1.576,2.969,-0.007,NaN,NaN,NaN,74,0
2982,87.100,157.320,0.138,1.576,2.969,-0.007,NaN,NaN,NaN,74,0
2983,87.131,157.380,0.138,1.576,2.969,-0.007,NaN,NaN,NaN,74,0
2984,87.163,157.439,0.138,1.576,2.969,-0.007,NaN,NaN,NaN,74,0
2985,87.194,157.499,0.138,1.576,2.969,-0.007,NaN,NaN,NaN,74,0
2986,87.226,157.558,0.137,1.576,2.969,-0.007,NaN,NaN,NaN,74,0
2987,87.257,157.617,0.137,1.576,2.969,-0.007,NaN,NaN,NaN,74,0
2988,87.289,157.677,0.137,1.576,2.969,-0.007,NaN,NaN,NaN,74,0
2989,87.320,157.736,0.137,1.576,2.969,-0.007,NaN,NaN,NaN,74,0
2990,87.352,157.795,0.137,1.576,2.969,-0.007,NaN,NaN,NaN,74,0
2991,87.383,157.855,0.137,1.576,2.969,-0.007,NaN,NaN,NaN,74,0
2992,87.415,157.914,0.137,1.576,2.969,-0.007,NaN,NaN,NaN,74,0
2993,87.446,157.974,0.137,1.576,2.969,-0.007,NaN,NaN,NaN,74,0
2994,87.478,158.033,0.136,1.576,2.969,-0.007,NaN,NaN,NaN,74,0
2995,87.509,158.092,0.136,1.576,2.969,-0.007,NaN,NaN,NaN,74,0
2996,87.541,158.152,0.136,1.576,2.969,-0.007,NaN,NaN,NaN,74,0
2997,87.572,158.211,0.136,1.576,2.969,-0.007,NaN,NaN,NaN,74,0
2998,87.604,158.270,0.136,1.576,2.969,-0.007,NaN,NaN,NaN,74,0
2999,87.635,158.330,0.136,1.576,2.969,-0.007,NaN,NaN,NaN,74,0
3000,87.667,158.389,0.136,1.576,2.969,-0.007,NaN,NaN,NaN,74,0
